aamWindowsDev_1.3,BuildTools,UserInterfaces,Installation/Setup,,,,
acdk-4.14.0-src,BuildTools,Frameworks,Interpreters,ObjectBrokering,ObjectOriented,UserInterfaces,
antgap-0.9,BuildTools,,,,,,
antprof-0.1,BuildTools,,,,,,
bot_example,BuildTools,DistributedComputing,InterfaceEngine/ProtocolTranslator,Telephony,,,
bs4j-alpha-0.9.0,BuildTools,CVS,Packaging,SoftwareDistribution,,,
c-tasks-0.4,BuildTools,,,,,,
chowntask-1.0rc3,BuildTools,,,,,,
classencrypt-1.2,Telephony,BuildTools,,,,,
cpptasks-1.0b5,BuildTools,,,,,,
CrazyBeans-1.5.1,BuildTools,CodeGenerators,,,,,
c_it-0.3,BuildTools,,,,,,
dir2xml-0.3-bin,BuildTools,DynamicContent,,,,,
druid-ddf-1.0,BuildTools,CodeGenerators,Front-Ends,,,,
gbatools_v0_02-src,BuildTools,,,,,,
gkjtapi0.2,Telephony,BuildTools,,,,,
greebo-src,BuildTools,,,,,,
guihelper-0.1,BuildTools,CodeGenerators,,,,,
japano-beta4,BuildTools,CodeGenerators,DynamicContent,,,,
JarBuilder-0.8.0,BuildTools,,,,,,
javadoctaglets-0.1,BuildTools,CodeGenerators,DynamicContent,,,,
jdiff-1.1.0,BuildTools,CodeGenerators,Documentation,,,,
JewelBox-1.5.0-Release,BuildTools,CodeGenerators,,,,,
jflex-1.6.1,BuildTools,CodeGenerators,Compilers,,,,
jrpt,Accounting,WWW/HTTP,BuildTools,CodeGenerators,,,
jstp-1.0.0-dist,BuildTools,CodeGenerators,DynamicContent,,,,
krysalis-barcode-1.0beta-bin,BuildTools,SoftwareDistribution,Installation/Setup,,,,
log4plsql-4.0.2-beta,BuildTools,Database,Debuggers,Logging,,,
mamant-0.4.2,BuildTools,,,,,,
net.hakulaite.maverick_0.3.0,BuildTools,Debuggers,Other/NonlistedTopic,,,,
nounit-07-bin-src-and-lib,BuildTools,Debuggers,Other/NonlistedTopic,,,,
OpenJava_1.1_20050405,BuildTools,CodeGenerators,Compilers,,,,
org.objectweb.jonas.ui-0.5.3,BuildTools,,,,,,
pdfdoclet-1.0.3,BuildTools,,,,,,
proguard6.2.1,BuildTools,CodeGenerators,,,,,
RDF_Editor,BuildTools,,,,,,
resolver-0.0.5-src,BuildTools,,,,,,
serialver-1.6.5-4.1.2B,CodeGenerators,UserInterfaces,,,,,
simags-full-2B,BuildTools,,,,,,
sinaxe-1.0-b1,BuildTools,DynamicContent,Interpreters,Other/NonlistedTopic,Visualization,,
sitegenv02,BuildTools,,,,,,
snapshots-r25-17nov2011,Debuggers,QualityAssurance,Profiling,,,,
staticxjam-0.1-full,BuildTools,WebSite,,,,,
stdproject-0.10-alpha-bin,BuildTools,Design,Documentation,Modeling,QualityAssurance,,
TomcatTonto_Ver1.1,BuildTools,IntegratedDevelopmentEnvironments(IDE),,,,,
TymeacSE_9.4,BuildTools,,,,,,
UniversalUI,BuildTools,CodeGenerators,,,,,
attrib4j-0.9.0,CodeGenerators,,,,,,
BC,Installation/Setup,SystemsAdministration,,,,,
be4gle-0.9.3.3,CGITools/Libraries,CodeGenerators,Front-Ends,,,,
beautyJ-1_1,BuildTools,CodeGenerators,,,,,
beaver-0.9.11,CodeGenerators,Compilers,Interpreters,,,,
bizware_v0-1-1_full,CodeGenerators,,,,,,
butterflycode-0.18,CodeGenerators,,,,,,
chasm_1.4.RC3,CodeGenerators,Compilers,Scientific/Engineering,,,,
cleanj-0.9,CodeGenerators,,,,,,
cmaker1.4,CodeGenerators,Database,,,,,
CocoS-0.7,CodeGenerators,Compilers,,,,,
CrazyBeans-1.5.1,BuildTools,CodeGenerators,,,,,
daj-5,CodeGenerators,Compilers,,,,,
dewdrop-0.1.1-src,BuildTools,CodeGenerators,Database,Interpreters,,,
docs,ObjectBrokering,,,,,,
druid-ddf-1.0,BuildTools,CodeGenerators,Front-Ends,,,,
freefactor-guitool,CodeGenerators,Compilers,IntegratedDevelopmentEnvironments(IDE),,,,
jastyle-source-0.5,CodeGenerators,Interpreters,,,,,
java2il-0.2,CodeGenerators,Compilers,,,,,
jDFA_1.0_src,BuildTools,CodeGenerators,Compilers,,,,
jeeg-0-9,CodeGenerators,Compilers,,,,,
jeeglue-0.2.1,CodeGenerators,DistributedComputing,ObjectBrokering,,,,
JewelBox-1.5.0-Release,BuildTools,CodeGenerators,,,,,
jex-A-2.1-20030313,CodeGenerators,Compilers,,,,,
jiapi-0.5.0,CodeGenerators,Debuggers,,,,,
jmicroscope-core-test-src-0_6_01,Frameworks,CodeGenerators,UserInterfaces,,,,
just-jpp-src-0.9.1,BuildTools,CodeGenerators,Compilers,,,,
Labrador-0.5,CodeGenerators,DistributedComputing,ObjectBrokering,,,,
lightjacc,CodeGenerators,Compilers,Interpreters,ArtificialIntelligence,,,
MetaPlatform-0.0.1,BuildTools,CodeGenerators,,,,,
mmtp-0.3.2,BuildTools,CodeGenerators,,,,,
modocc_1.4,CORBA,CodeGenerators,Debuggers,,,,
snapshots-r25-17nov2011,Debuggers,QualityAssurance,Profiling,,,,
tango-1.0-b1,SoftwareDevelopment,,,,,,
umlspeed_eclipse_plugin_0.19,CodeGenerators,CASE,,,,,
asm2class-full,Compilers,,,,,,
asmj-0.8-src,Compilers,,,,,,
async-objects-0_0_3,Frameworks,,,,,,
beaver-0.9.11,CodeGenerators,Compilers,Interpreters,,,,
bpwj-1.0.0,Compilers,,,,,,
byteml-0.3-src,Compilers,Interpreters,,,,,
Chai-1.1,Compilers,,,,,,
chasm_1.4.RC3,CodeGenerators,Compilers,Scientific/Engineering,,,,
CocoS-0.7,CodeGenerators,Compilers,,,,,
daj-5,CodeGenerators,Compilers,,,,,
dap2-initial,Benchmark,Compilers,Interpreters,,,,
eje,CASE,Compilers,IntegratedDevelopmentEnvironments(IDE),,,,
freefactor-guitool,CodeGenerators,Compilers,IntegratedDevelopmentEnvironments(IDE),,,,
jarchitect-0.2-src,Compilers,Debuggers,,,,,
java2il-0.2,CodeGenerators,Compilers,,,,,
jaxx-1.0.1,CodeGenerators,Compilers,Frameworks,Usability,UserInterfaces,XML,
jDFA_1.0_src,BuildTools,CodeGenerators,Compilers,,,,
jec-1.0.0-src,Compilers,Interpreters,,,,,
jeeg-0-9,CodeGenerators,Compilers,,,,,
jex-A-2.1-20030313,CodeGenerators,Compilers,,,,,
jexpel1.0.1,Compilers,Interpreters,Libraries,,,,
jflex-1.6.1,BuildTools,CodeGenerators,Compilers,,,,
jgb-0.6.5a,BuildTools,Compilers,DesktopEnvironment,Interpreters,,,
joeq_win32_1.4.2_20030812,Compilers,Interpreters,OperatingSystemKernels,,,,
jpie0.1b-all,ArtificialIntelligence,Compilers,InterfaceEngine/ProtocolTranslator,Interpreters,,,
jscheme-7.2,Compilers,DynamicContent,Interpreters,,,,
jstp-1.0.0-dist,BuildTools,Compilers,DynamicContent,,,,
jua-0.01,Compilers,Interpreters,,,,,
just-jpp-src-0.9.1,BuildTools,CodeGenerators,Compilers,,,,
kawa-cvs-20030716,Emacs,DynamicContent,Compilers,Interpreters,,,
leli,BuildTools,Compilers,DesktopEnvironment,Interpreters,,,
lightjacc,CodeGenerators,Compilers,Interpreters,ArtificialIntelligence,,,
MetaPlatform-0.0.1,BuildTools,CodeGenerators,Compilers,,,,
mmtp-0.3.2,BuildTools,CodeGenerators,Compilers,,,,
monkey-0.1,CodeGenerators,Compilers,ObjectOriented,,,,
mozart,Compilers,Interpreters,VirtualMachines,,,,
OpenJava_1.1_20050405,BuildTools,CodeGenerators,Compilers,,,,
ParGeL-0.9,CodeGenerators,Compilers,Interpreters,,,,
pPropellerSim-1.0.0.12,Compilers,Debuggers,,,,,
rjce,CodeGenerators,Compilers,Interpreters,,,,
sablecc-3.7,CodeGenerators,Compilers,Interpreters,,,,
smith-src-1.3b6,Compilers,Frameworks,Interpreters,,,,
tango-1.0-b1,Frameworks,,,,,,
treedl-2.3.2-stable-070720-src,CodeGenerators,Compilers,Design,,,,
xipl_xasm,XML,Compilers,Interpreters,,,,
2010_02_17-Frogs-Files,Frameworks,,,,,,
acdk-4.14.0-src,BuildTools,Frameworks,Interpreters,ObjectBrokering,ObjectOriented,UserInterfaces,
ann_designer_1.0,ArtificialIntelligence,,,,,,
Argos_1_0_src,DistributedComputing,Frameworks,,,,,
banglafontSajib,Frameworks,,,,,,
bettersql-src-0.2,Frameworks,ETL,ORM(Object-relationalmapping),,,,
Blog_v0.3,IntegratedDevelopmentEnvironments(IDE),Documentation,,,,,
BLoMo-1.0,ApplicationServers,CodeGenerators,Frameworks,,,,
buildap-rel-0-7-0,BuildTools,CASE,Design,Frameworks,Modeling,QualityAssurance,
calyxo-0.9.0,DynamicContent,Frameworks,,,,,
cherokee_0_2b,ArtificialIntelligence,Browsers,Frameworks,Game/Entertainment,Robotics,,
CincoSecurity_Module-v1,Security,Frameworks,ApplicationServers,,,,
ClearWork-1.0.0RC1-with-dependencies,Education,Frameworks,Testing,,,,
combean-0.2,Algorithms,Frameworks,Mathematics,ObjectOriented,,,
Combined,ArtificialIntelligence,InformationAnalysis,,,,,
damon_s2_4,DistributedComputing,Frameworks,Research,,,,
dicom4j-0.0.9a,Frameworks,MedicalScienceApps.,SystemsAdministration,,,,
didactor-2.2.0,Education,Frameworks,WWW/HTTP,,,,
dimensionex650a,Frameworks,Multi-UserDungeons(MUD),Role-Playing,,,,
DisCo0.1,Frameworks,Networking,DistributedComputing,,,,
easypastry_1_0,DistributedComputing,Frameworks,Research,,,,
ECF-JSF-0_2,Enterprise,ERP,Point-Of-Sale,,,,
emutils_1.9.0,Frameworks,Emulators,,,,,
Expression4j-0.03,Frameworks,Interpreters,Mathematics,,,,
expressionoasis-3-1,Frameworks,Interpreters,Mathematics,,,,
fasper-0.9-src,Frameworks,Testing,QualityAssurance,,,,
federated-vm-v-0-0-2,Internet,ObjectBrokering,,,,,
gasp-0.1-src,Enterprise,Frameworks,,,,,
genesis-ioc.v2006.07.07,Frameworks,ObjectOriented,,,,,
gomyplace.4B.com,FileSharing,Frameworks,,,,,
gwt-pf-demo1,Enterprise,Front-Ends,DynamicContent,Frameworks,UserInterfaces,,
hardtokenmgmt_1.4.15,Authentication/Directory,Cryptography,Frameworks,Other/NonlistedTopic,,,
heracles-http-client-src-1.0,Authentication/Directory,Frameworks,,,,,
hermes-aplha5-src,Frameworks,ObjectBrokering,Networking,DistributedComputing,,,
high-scale-lib-v1.1.2,Algorithms,Frameworks,,,,,
HttpdBase4J-src-0.4,HTTPServers,Frameworks,,,,,
hyperpool-0.5.1,WWW/HTTP,Frameworks,Networking,,,,
idmunit-2.1.6,Enterprise,Testing,Frameworks,QualityAssurance,Usability,Authentication/Directory,
imc-0.2,Communications,Frameworks,Internet,,,,
jabapper-alpha0.2-src,Frameworks,Office/Business,,,,,
jacamo-0.8,Frameworks,IntelligentAgents,,,,,
jagent-src-0.3.2,Frameworks,Simulations,IntelligentAgents,,,,
jami-src,Telephony,Frameworks,,,,,
JatPortal-v.2.0beta7-full_eclipse-20090325,Frameworks,,,,,,
javalid-release-src-1.2,Frameworks,,,,,,
jaxx-1.0.1,CodeGenerators,Compilers,Frameworks,Usability,UserInterfaces,XML,
jcbb.1.0.1,Frameworks,ObjectOriented,UserInterfaces,,,,
jcbe-1.0.0,Frameworks,,,,,,
jclec4-base,GeneticAlgorithms,Frameworks,ArtificialIntelligence,,,,
jcommons-sourceexporter-0.6-src,CodeGenerators,Frameworks,ObjectOriented,,,,
jcryptfx-rc2,Cryptography,Frameworks,,,,,
jdonMVC+CQRS+ES,Agiledevelopmenttools,Frameworks,WWW/HTTP,,,,
jecars_v1.0,DynamicContent,Frameworks,Indexing/Search,ObjectBrokering,RSS,Storage,
jfacets-2.1,DynamicContent,Frameworks,UserInterfaces,,,,
jIssueTracker.1.0.src,Enterprise,Frameworks,,,,,
jmicroscope-core-test-src-0_6_01,Frameworks,CodeGenerators,UserInterfaces,,,,
mydoggy-1.5.0-beta1,Frameworks,UserInterfaces,WindowManagers,,,,
nutj-0.2.0-src,Frameworks,UserInterfaces,,,,,
ooweb-0.8.0-full,Frameworks,HTTPServers,,,,,
openephyra-0.1.2,BusinessIntelligence,Frameworks,Indexing/Search,InformationAnalysis,Search,,
openlsd-V1.0.4,Archiving,Cryptography,CRM,Enterprise,FileSharing,Frameworks,
OpenSyncro-v2.2_source,FileTransferProtocol(FTP),Frameworks,Other/NonlistedTopic,XML,,,
pando_modules-0.1.3-src,Frameworks,SoftwareDistribution,Scientific/Engineering,,,,
PeerSE-0.91b,Modeling,Frameworks,ObjectOriented,Simulations,,,
perola_core_1.5.1-src,Frameworks,ObjectOriented,,,,,
phoneBook,Front-Ends,,,,,,
poleposition-0.60,Database,Frameworks,ObjectOriented,Profiling,Testing,,
PowerStone_Demo_App_R0.5.2,Office/Business,Frameworks,,,,,
QuickMemoryFile-v1.0-beta2-bug20070618,FileSharing,Frameworks,,,,,
RealPeer_Framework_v1.0_Sources,FileSharing,Frameworks,Networking,DistributedComputing,Internet,,
RepositorySelectorThreadGroup,CodeGenerators,DynamicContent,Frameworks,,,,
sandboss_1_6_1,BuildTools,CodeGenerators,DistributedComputing,Frameworks,ObjectOriented,ProjectManagement,
seaf_v1.0.0_Bishop,CodeGenerators,DynamicContent,Frameworks,,,,
semantical-full-0-9-2-542,CodeGenerators,IntegratedDevelopmentEnvironments(IDE),,,,,
semtinel,Frameworks,InformationAnalysis,MARCandBook/LibraryMetadata,OPAC,Visualization,,
shift-0.1.2,Frameworks,QualityAssurance,Testing,,,,
si-1.06-src,SOAP,Office/Business,Frameworks,ObjectBrokering,DistributedComputing,InterfaceEngine/ProtocolTranslator,
sicari-platform-v1.0,DistributedComputing,Frameworks,HTTPServers,SOAP,Security,SystemsAdministration,
singularity-1.0-M2-src,Internet,Networking,Other/NonlistedTopic,SoftwareDevelopment,,,
sipunit-2.0.0,CodeGenerators,DynamicContent,Frameworks,,,,
slinc-0.2,DistributedComputing,Frameworks,,,,,
SmartGRAPE-0.3,Enterprise,Algorithms,Frameworks,Design,ArtificialIntelligence,InformationAnalysis,
smartweb-registry-0.9.1-all,Frameworks,,,,,,
smith-src-1.3b6,Compilers,Frameworks,Interpreters,,,,
sourcetapcrm_03A,Accounting,CRM,Enterprise,ERP,Frameworks,Front-Ends,ProjectManagement
spy2servers-src-1.2,Frameworks,,,,,,
srjrcframes_src-0.1.296,Frameworks,,,,,,
srm,Frameworks,HumanMachineInterfaces,Speech,,,,
StrutsME-1.0beta3-src,Frameworks,,,,,,
SubStream-0.1,Frameworks,Multimedia,,,,,
taste-1.7.2,Database,Algorithms,Frameworks,Internet,InformationAnalysis,Socialsciences,
tudu-2.3-distribution,Frameworks,ProjectManagement,To-DoLists,,,,
tufdefender-v1.0-beta,Frameworks,Simulations,,,,,
webengine-1.01,DatabaseEngines/Servers,Frameworks,ObjectBrokering,DistributedComputing,,,
XmlHttpLib-1.0-beta7-complete,XML,HTML/XHTML,XML-RPC,DynamicContent,Frameworks,CASE,
XUL4Javav0.1SRC,Agiledevelopmenttools,Frameworks,UserInterfaces,,,,
Xwidgets-0.1.3,Frameworks,UserInterfaces,,,,,
acdk-4.14.0-src,BuildTools,Frameworks,Interpreters,ObjectBrokering,ObjectOriented,UserInterfaces,
Alvyn-linux-bin-08092004,Interpreters,,,,,,
BDS,SoftwareDevelopment,,,,,,
beaver-0.9.11,CodeGenerators,Compilers,Interpreters,,,,
bluesphere-prealpha-2.0,Interpreters,Games/Entertainment,,,,,
builders,Frameworks,CodeGenerators,Compilers,,,,
byteml-0.3-src,Compilers,Interpreters,,,,,
cigol-alpha-3,ArtificialIntelligence,DatabaseEngines/Servers,Interpreters,,,,
cinter-1.0-src,Interpreters,,,,,,
contex-0.38,Interpreters,,,,,,
dap2-initial,Benchmark,Compilers,Interpreters,,,,
DataStore-0.7a-bin,DatabaseEngines/Servers,,,,,,
dewdrop-0.1.1-src,BuildTools,CodeGenerators,Database,Interpreters,,,
dl-0.2,ArtificialIntelligence,WWW/HTTP,,,,,
docs,ObjectBrokering,,,,,,
doxquery-0.1.0,Interpreters,,,,,,
durodbms-1.6-src,DatabaseEngines/Servers,Interpreters,,,,,
e-xml-1.0-beta8,Interpreters,WWW/HTTP,,,,,
EIScript0.2.3,Interpreters,,,,,,
Expression4j-0.03,Frameworks,Interpreters,Mathematics,,,,
expressionoasis-3-1,Frameworks,Interpreters,Mathematics,,,,
fscriptME-0.7,Interpreters,,,,,,
HotSAX-0.1.2c,Interpreters,Telephony,WWW/HTTP,,,,
j68k,Interpreters,Scientific/Engineering,Simulations,,,,
jason-2.4,Interpreters,IntelligentAgents,,,,,
jastyle-source-0.5,CodeGenerators,IntelligentAgents,,,,,
JavPax.v.1.0,Interpreters,,,,,,
jcinc-0.2.0,Interpreters,Emulators,Education,,,,
jclifford_v0.9,Interpreters,Mathematics,Visualization,,,,
jec-1.0.0-src,Compilers,Interpreters,,,,,
jexpel1.0.1,Compilers,Interpreters,Libraries,,,,
jgb-0.6.5a,BuildTools,Compilers,DesktopEnvironment,Interpreters,,,
JLog-1.3.6.src,ArtificialIntelligence,education,Interpreters,,,,
JMdRdf-1.7.1-src,Indexing/Search,Interpreters,SymmetricMulti-processing,,,,
joeq_win32_1.4.2_20030812,Compilers,Interpreters,OperatingSystemKernels,,,,
jpie0.1b-all,ArtificialIntelligence,Compilers,InterfaceEngine/ProtocolTranslator,Interpreters,,,
JPS-Parser-0.1,Interpreters,,,,,,
jscheme-7.2,Compilers,DynamicContent,Interpreters,,,,
jspice-v0_4_9-source,DynamicContent,Interpreters,,,,,
jtr-1.1,Testing,,,,,,
jua-0.01,Compilers,Interpreters,,,,,
judoscript-0.9,DynamicContent,Front-Ends,InformationAnalysis,Interpreters,Packaging,SystemShells,
KAREL-3D_v13,Interpreters,education,Languages,,,,
kawa-cvs-20030716,Emacs,DynamicContent,Compilers,Interpreters,,,
komar-src,Interpreters,,,,,,
lejosunit-1.0.2,Games/Entertainment,Interpreters,OperatingSystemKernels,,,,
leli,CodeGenerators,DynamicContent,Frameworks,,,,
lightjacc,CodeGenerators,Compilers,Interpreters,ArtificialIntelligence,,,
lili030,ArtificialIntelligence,Frameworks,Interpreters,,,,
logic_v0_95,CodeGenerators,Compilers,Interpreters,,,,
loroedi-src-0.9pre7-20040718,Interpreters,,,,,,
MetaPlatform-0.0.1,CodeGenerators,Compilers,Interpreters,,,,
minijlisp.02.12.03-1,Interpreters,,,,,,
mocl0.5,InformationAnalysis,Interpreters,,,,,
morendo-v1.1.3,Interpreters,,,,,,
obfunae-0.5.2,Interpreters,,,,,,
p4dAll,CodeGenerators,Compilers,Interpreters,,,,
pagkalos,Interpreters,,,,,,
ParGeL-0.9,CodeGenerators,Compilers,Interpreters,,,,
pas-interpreter__v.0.3,Interpreters,,,,,,
php-java-bridge_7.2.1_documentation,DynamicContent,Interpreters,VirtualMachines,,,,
pixi-0.2.0-src,DynamicContent,Interpreters,,,,,
plainXML-full-src-ver-2.5,CodeGenerators,Interpreters,XML,XML-RPC,,,
rav_1_1,Interpreters,,,,,,
rjce,CodeGenerators,Compilers,Interpreters,,,,
sablecc-3.7,CodeGenerators,Compilers,Interpreters,,,,
sasi1_RC1_src,Education,Interpreters,,,,,
scmp-v1.72,Interpreters,VirtualMachines,Emulators,,,,
shanixmlparser-v1.4.17,WWW/HTTP,Interpreters,,,,,
SimkinJava129,Interpreters,,,,,,
sinaxe-1.0-b1,BuildTools,DynamicContent,Interpreters,Other/NonlistedTopic,Visualization,,
SiXPath-src,Interpreters,,,,,,
smith-src-1.3b6,Compilers,Frameworks,Interpreters,,,,
Thera123,Interpreters,,,,,,
timeofday_step6,Interpreters,Speech,Telephony,WWW/HTTP,,,
traceurpascal,Interpreters,,,,,,
transjvm_0.3.2,Compilers,Interpreters,,,,,
tyruba-release_7_3_1-Jan_15_2006-project,CodeGenerators,Interpreters,,,,,
waba-20010521,Interpreters,,,,,,
Wasabi_v1.4,Interpreters,,,,,,
webmacro-classic-bin-2.1,CGITools/Libraries,Interpreters,,,,,
xipl_xasm,XML,Compilers,Interpreters,,,,
xmlsh_1_2_5,Interpreters,SystemShells,XML,,,,
XMLTranslator,Interpreters,TextEditors,,,,,
abaque-src-0.4,BuildTools,ObjectBrokering,,,,,
acdk-4.14.0-src,BuildTools,Frameworks,Interpreters,ObjectBrokering,ObjectOriented,UserInterfaces,
avx-0.1.0,CGITools/Libraries,ObjectBrokering,SoftwareDistribution,WindowManagers,,,
bebop-2.0.1rc4,DynamicContent,ObjectBrokering,,,,,
brrapi-src,Database,ObjectBrokering,,,,,
bsfperl-0.2,ObjectBrokering,,,,,,
common-config-1.0a1-src,ObjectBrokering,Installation/Setup,,,,,
dataisland,Archiving,DistributedComputing,DynamicContent,Front-Ends,ObjectBrokering,SiteManagement,
ejava-sources_2001-11-19,ObjectBrokering,,,,,,
Feed-20020317-src,Education,ObjectBrokering,,,,,
hermes-aplha5-src,Frameworks,ObjectBrokering,Networking,DistributedComputing,,,
IniFile,DynamicContent,IntegratedDevelopmentEnvironments(IDE),ObjectBrokering,,,,
integrator-src-0.1.02,CodeGenerators,DistributedComputing,ObjectBrokering,,,,
ja-preAlpha_0.0.1,Communications,Networking,ObjectBrokering,,,,
javapool,ObjectBrokering,WWW/HTTP,,,,,
jboss-adapt-replication-sib-1.2.1,Clustering,ObjectBrokering,,,,,
jecars_v1.0,DynamicContent,Frameworks,Indexing/Search,ObjectBrokering,RSS,Storage,
jeeglue-0.2.1,CodeGenerators,DistributedComputing,ObjectBrokering,,,,
jengine201,Communications,ObjectBrokering,InterfaceEngine/ProtocolTranslator,,,,
jkf_1.0.0,ObjectBrokering,WWW/HTTP,,,,,
jms4j2me-0.1-src,Chat,DistributedComputing,Internet,ObjectBrokering,,,
joint-1.0,Database,ObjectBrokering,,,,,
jpool,BuildTools,ObjectBrokering,CodeGenerators,,,,
Labrador-0.5,CodeGenerators,DistributedComputing,ObjectBrokering,,,,
mantaray_1.5_bin,Communications,DistributedComputing,DynamicContent,ObjectBrokering,,,
MobileRPC-1.0.2,CodeGenerators,ObjectBrokering,,,,,
modocc_1.4,CORBA,CodeGenerators,Debuggers,,,,
momoko_0.4.1,Clustering,Database,DistributedComputing,Multi-UserDungeons(MUD),ObjectBrokering,,
objectopia-0.1,DatabaseEngines/Servers,ObjectBrokering,,,,,
OdaSrc,ObjectBrokering,,,,,,
ojbc-1.1.5,DynamicContent,Front-Ends,ObjectBrokering,SystemsAdministration,,,
orbgate-0.5,CORBA,,,,,,
REST-art-20070918,Networking,ObjectBrokering,WWW/HTTP,,,,
rmi-lite-1.0,Communications,DistributedComputing,ObjectBrokering,,,,
rpcj091,WWW/HTTP,ObjectBrokering,,,,,
si-1.06-src,SOAP,Office/Business,Frameworks,ObjectBrokering,DistributedComputing,InterfaceEngine/ProtocolTranslator,
siop-0.2.0-src,ObjectBrokering,Other/NonlistedTopic,,,,,
smfw-1.0-src,DistributedComputing,ObjectBrokering,WWW/HTTP,,,,
spheon-jsoap-0.5.2,Communications,Internet,ObjectBrokering,,,,
tweed-0.1.1,HumanMachineInterfaces,ObjectBrokering,,,,,
vjdbc_1_6_5,Database,DistributedComputing,ObjectBrokering,,,,
webengine-1.01,DatabaseEngines/Servers,Frameworks,ObjectBrokering,DistributedComputing,,,
algart,Algorithms,Libraries,,,,,
ComponentsDemo,Libraries,,,,,,
cron4j-2.2.5,Libraries,,,,,,
dbtrans-v0.6b,Libraries,,,,,,
easyargs-0.8,Libraries,,,,,,
Estimation,MachineLearing,,,,,,
fsplib-1.0.0-RC10,FileTransferProtocol(FTP),WWW/HTTP,Libraries,,,,
ftp4j-1.7.2,FileTransferProtocol(FTP),Libraries,ObjectOriented,,,,
GeoAPI-3_0_1,Libraries,GIS,,,,,
horizon-17-01-01,SoftwareDevelopment,Libraries,,,,,
j2docx-2.2.RELEASE,Libraries,,,,,,
javabase64-1.3.1,Filters,,,,,,
JavaDateUtils,Libraries,,,,,,
jclf-4.0.4-full,Libraries,,,,,,
jcurses-windows-0.9.5b,Terminals,Libraries,,,,,
jedi_src_0.1,SoftwareDevelopment,Scientific/Engineering,,,,,
jesstaglib-0.2-src,ArtificialIntelligence,CGITools/Libraries,Libraries,,,,
jexpel1.0.1,Compilers,Interpreters,Libraries,,,,
JGGJCalendar_v1.0,Libraries,,,,,,
JKtoCheck_0.8,Accounting,Billing,Libraries,,,,
jNAT-PMPlib0.1,Firewalls,Libraries,Routing,,,,
JPoorMansTimingAndProfiling-1.2.6-src,Libraries,,,,,,
jProwlAPI-0.5-bin,Internet,Mobile,Libraries,,,,
junique-1.0.4,Libraries,,,,,,
KemetAPI_build_0.2.3d_2010.12.26_0003,Libraries,Research,,,,,
KemetLF_build_1.5.3d_2010.04.03_0124,Frameworks,Libraries,Research,,,,
knowceans-tools-src-20111211,DataFormats,Libraries,Statistics,,,,
PetriNetExec-0.1.3.77,Education,Modeling,,,,,
ronfx-2009-bean_alpha-release-1,ObjectOriented,Usability,Libraries,,,,
Scryptocs,Cryptography,DynamicContent,Libraries,,,,
SimpleNet-0.5-beta,Internet,Libraries,Networking,,,,
Tools,IntegratedDevelopmentEnvironments(IDE),BuildTools,Mathematics,Education,,,
transform-3.0-dist,IntegratedDevelopmentEnvironments(IDE),BuildTools,Mathematics,Education,,,
unboundid-ldapsdk-4.0.13,LDAP,Mobile,Libraries,,,,
aamWindowsDev_1.3,BuildTools,UserInterfaces,Installation/Setup,,,,
abbot-1.3.0,Testing,UserInterfaces,,,,,
AbuGraph_7.10.14,InformationAnalysis,Mathematics,Presentation,UserInterfaces,Viewers,Visualization,
acdk-4.14.0-src,BuildTools,Frameworks,Interpreters,ObjectBrokering,ObjectOriented,UserInterfaces,
action-queue-src-1.0-2007-10.16,UserInterfaces,,,,,,
AllOfMakingMaps,Documentation,UserInterfaces,,,,,
brLayout-1.0,UserInterfaces,,,,,,
BZbyteReports_2_0_1Alpha,Financial,DynamicContent,UserInterfaces,InformationAnalysis,,,
comitatus-webapp-0.14.1-src,Frameworks,UserInterfaces,,,,,
Fire2.3,UserInterfaces,,,,,,
GridFlowLayoutManager-1.051227,UserInterfaces,,,,,,
gwt-pf-demo1,Enterprise,Front-Ends,DynamicContent,Frameworks,UserInterfaces,,
homework-rel-1.0,UserInterfaces,,,,,,
infovis-0.9beta2-compiled,HumanMachineInterfaces,UserInterfaces,Visualization,,,,
j2meticker_1.0,UserInterfaces,,,,,,
jaxx-1.0.1,CodeGenerators,Compilers,Frameworks,Usability,UserInterfaces,XML,
jcameo-0.12,UserInterfaces,,,,,,
jcbb.1.0.1,Frameworks,ObjectOriented,UserInterfaces,,,,
jfacets-2.1,DynamicContent,Frameworks,UserInterfaces,,,,
jintilla-swt-0.5-win32,Debuggers,UserInterfaces,,,,,
JLafSelector,UserInterfaces,,,,,,
jmicroscope-core-test-src-0_6_01,Frameworks,CodeGenerators,UserInterfaces,,,,
jmove-2.2.0,UserInterfaces,Sourcecodeanalysis,Libraries,,,,
jpojotable-src-1.0.1,Database,UserInterfaces,,,,,
jRivet-core-4.080105,Enterprise,BuildTools,Frameworks,CodeGenerators,UserInterfaces,Design,
jspWidgets1.0-19032007,UserInterfaces,,,,,,
juc-1.2.0_src,UserInterfaces,,,,,,
liferay-toolbar-0.2.0-src,Office/Business,UserInterfaces,Internet,,,,
lux-i3,AJAX,Bio-Informatics,UserInterfaces,,,,
marxexplorer-0.1.2_full,TextEditors,DynamicContent,SiteManagement,UserInterfaces,Design,FileManagement,
MobileRobotics.client.v10.Source,Other/NonlistedTopic,Robotics,UserInterfaces,Wireless,,,
mydoggy-1.5.0-beta1,Frameworks,UserInterfaces,WindowManagers,,,,
naturalcli-src-1.2.3,Usability,UserInterfaces,,,,,
nutj-0.2.0-src,Frameworks,UserInterfaces,,,,,
punchcard_examples-2.0.2,Front-Ends,Other/NonlistedTopic,UserInterfaces,,,,
rsyntaxtextarea-2.6.0-src,IntegratedDevelopmentEnvironments(IDE),UserInterfaces,,,,,
smartcalendar-0.1beta-all,Calendar,UserInterfaces,,,,,
swinguiloc-0.2.20-src,UserInterfaces,,,,,,
SwixNG-0.2-full-src,UserInterfaces,,,,,,
SWTLoader,Frameworks,UserInterfaces,,,,,
swtxui-examples.10M120050721,UserInterfaces,,,,,,
thinclet_distro_0.11,UserInterfaces,,,,,,
trackit-webapp-1.0.0,DynamicContent,UserInterfaces,VersionControl,,,,
UIWidgets-0.8-src,DynamicContent,UserInterfaces,,,,,
VisualWN2.0,UserInterfaces,,,,,,
webtheme,DynamicContent,SiteManagement,Frameworks,UserInterfaces,,,
wings1.2.0,UserInterfaces,,,,,,
workspace-tkui-jface-3.4,UserInterfaces,,,,,,
xing_1_0_mirage_beta1,Frameworks,UserInterfaces,,,,,
xlayout-0.9.1-beta,UserInterfaces,,,,,,
xmp10_taglibs_beta1,WAP,UserInterfaces,,,,,
XUL4Javav0.1SRC,Agiledevelopmenttools,Frameworks,UserInterfaces,,,,
Xwidgets-0.1.3,Frameworks,UserInterfaces,,,,,
zeus-jscl_v1.72,UserInterfaces,,,,,,
zui-0.1a,UserInterfaces,,,,,,
2step9.0,DynamicContent,SoftwareDevelopment,,,,,
a4j-1.0b1,DynamicContent,SoftwareDevelopment,,,,,
ActionServlet_0.94.2,DynamicContent,SoftwareDevelopment,,,,,
aejaks-2.3-exe,DynamicContent,,,,,,
aggregated-search,Indexing/Search,,,,,,
ajax4j2ee-src-0.1,DynamicContent,,,,,,
anokha-synton-1.3.1-src,Office/Business,DynamicContent,SiteManagement,,,,
apollo-1.20.0-src,Database,DynamicContent,SoftwareDevelopment,,,,
AppHereSrc09April04,Browsers,Communications,,,,,
Arachnid_src0.40,Indexing/Search,SiteManagement,SoftwareDevelopment,,,,
archimede,Archiving,Education,WWW/HTTP,,,,
Argotik,Browsers,BusinessIntelligence,Administration,,,,
auth_tools1.0,DynamicContent,HTTPServers,SiteManagement,,,,
avx-0.1.0,CGITools/Libraries,ObjectBrokering,SoftwareDistribution,WindowManagers,,,
AWTUpload_0.1,WWW/HTTP,,,,,,
be4gle-0.9.3.3,CGITools/Libraries,CodeGenerators,Front-Ends,,,,
bigbrother_src,SiteManagement,SoftwareDevelopment,SystemsAdministration,Logging,Benchmark,,
BugTraking_v0.0.01,DynamicContent,Debuggers,,,,,
calyxo-0.9.0,DynamicContent,Frameworks,,,,,
cewolfexample,DynamicContent,Graphics,Visualization,,,,
colle_0.9.7.1,CodeGenerators,DistributedComputing,Front-Ends,WWW/HTTP,,,
comicviewer_alpha3,Games/Entertainment,Viewers,WWW/HTTP,,,,
Concordance,InformationAnalysis,,,,,,
corga-v2.0-built-in-db,WWW/HTTP,,,,,,
cryptolib-1.0,Cryptography,,,,,,
cuba3.0.1-src,CodeGenerators,WWW/HTTP,,,,,
CyberTester2-0.3.0,DynamicContent,Testing,,,,,
daisy-2.4.2,Enterprise,DynamicContent,Indexing/Search,Documentation,,,
dbforms_2.5_20050226,Front-Ends,DynamicContent,SoftwareDevelopment,,,,
deli2-20100202,Browsers,DynamicContent,HTTPServers,,,,
dmachine024,FileTransferProtocol(FTP),WWW/HTTP,,,,,
doshing-beta-2004-05-31,CGITools/Libraries,,,,,,
drawboard_1_52,Conferencing,MessageBoards,Presentation,,,,
dwos,DesktopEnvironment,SocialNetworking,Research,,,,
dynamator-1_5,CodeGenerators,DynamicContent,,,,,
expand_trial_2_2_1,CodeGenerators,DynamicContent,Frameworks,,,,
fmpp_0.9.16,TextProcessing,DynamicContent,SiteManagement,BuildTools,CodeGenerators,,
foxy-src,DynamicContent,HTML/XHTML,HTTPServers,Networking,SiteManagement,WAP,
fsplib-1.0.0-RC10,FileTransferProtocol(FTP),WWW/HTTP,Libraries,,,,
galena-2.0.0-bin,Chat,DynamicContent,SiteManagement,,,,
geonetwork,FileSharing,DynamicContent,Archiving,GIS,,,
h3270-1.3.3-bin-windows,TerminalEmulators/XTerminals,WWW/HTTP,,,,,
HippoCMS10GoGreen,Enterprise,CMSSystems,Mobile,,,,
hispacta-0.0.3,DynamicContent,,,,,,
hodohi_0.9.5,BBS,MessageBoards,,,,,
HotSAX-0.1.2c,Interpreters,Telephony,WWW/HTTP,,,,
hsqldb-2.5.0,Front-Ends,DatabaseEngines/Servers,HTTPServers,,,,
htmlprod1_3,CodeGenerators,DynamicContent,,,,,
hyperestraier-1.4.13,Indexing/Search,,,,,,
hypergraph-0.6.3,Mathematics,SiteManagement,Visualization,,,,
hyperpool-0.5.1,WWW/HTTP,Frameworks,Networking,,,,
hyperspider_2003-09-01_bin-win32,HumanMachineInterfaces,InformationAnalysis,LinkChecking,Visualization,,,
IDX-eDOC_Distribution_1.0,Cryptography,DynamicContent,,,,,
informa-0.7.0-alpha2-with-dependencies,DynamicContent,Indexing/Search,SoftwareDevelopment,,,,
ItsNat_Server_dist_1.4,Browsers,DynamicContent,SoftwareDevelopment,,,,
j-ftp-1.60,FileTransferProtocol(FTP),Networking,WWW/HTTP,,,,
japano-beta4,BuildTools,CodeGenerators,DynamicContent,,,,
JatPortal-v.2.0beta7-full_eclipse-20090325,BuildTools,CodeGenerators,DynamicContent,,,,
JavaHTTPChatServer_cvs,Chat,DynamicContent,,,,,
JavaLibrary,Database,SiteManagement,,,,,
JaxMeAPI-1.00,CodeGenerators,DynamicContent,,,,,
JBars_02-09-2006,DynamicContent,Graphics,,,,,
JCellBrowser_1.0.0_src,Browsers,,,,,,
jchardet-1.1,Browsers,CGITools/Libraries,,,,,
jdonMVC+CQRS+ES,Agiledevelopmenttools,Frameworks,WWW/HTTP,,,,
jep-3.1.0,DynamicContent,SoftwareDevelopment,,,,,
jericho-html-3.4,TextProcessing,HTML/XHTML,DynamicContent,SoftwareDevelopment,,,
jetty-6.1.4,DynamicContent,HTTPServers,,,,,
JGet-0_15,FileTransferProtocol(FTP),WWW/HTTP,,,,,
jgrapht-1.3.0,Modeling,Mathematics,SocialNetworking,,,,
jHTTPp2-0.4.80-Beta1-Source,HTTPServers,,,,,,
jina-0.3.1,ApplicationServers,HTTPServers,,,,,
jmIrc_src-0.97,InternetRelayChat,WWW/HTTP,,,,,
JNM-0.2,Monitoring,SiteManagement,,,,,
josephine-1.1-src,MessageBoards,SiteManagement,,,,,
jpivot-1.8.0,DynamicContent,Financial,Front-Ends,SoftwareDevelopment,,,
jportlet-1.1b2,MessageBoards,SiteManagement,,,,,
jrpt,Accounting,WWW/HTTP,BuildTools,CodeGenerators,,,
jscheme-7.2,Compilers,DynamicContent,Interpreters,,,,
jspShop-1.1a,WWW/HTTP,,,,,,
jsptree-1.0-b6-src,DynamicContent,,,,,,
jstp-1.0.0-dist,BuildTools,Compilers,DynamicContent,,,,
judoscript-0.9,DynamicContent,Front-Ends,InformationAnalysis,Interpreters,Packaging,SystemShells,
jwt-1.1,DynamicContent,,,,,,
jwtm_1_1_003,DynamicContent,,,,,,
kawa-cvs-20030716,Emacs,DynamicContent,Compilers,Interpreters,,,
kf52_src,Front-Ends,DynamicContent,Modeling,Frameworks,CASE,,
krysalis-jCharts-1.0.0-alpha-1,Presentation,Visualization,WWW/HTTP,,,,
lance,Front-Ends,WWW/HTTP,,,,,
lemansys-lews-4.1.0-server,WWW/HTTP,Frameworks,ApplicationServers,,,,
liferay-ce-portal-tomcat-7.2.1-ga2-20191111141448326,Enterprise,DynamicContent,SiteManagement,,,,
LlamaChat-0.8,Chat,WWW/HTTP,,,,,
loader032,Indexing/Search,SiteManagement,,,,,
marxexplorer-0.1.2_full,TextEditors,DynamicContent,SiteManagement,UserInterfaces,Design,FileManagement,
megaupload-J-0.40,FileSharing,SiteManagement,,,,,
MicroBrowser4ME_20030902,Communications,Internet,SoftwareDevelopment,,,,
mr-zhang-web-leak-scanner-gui,LinkChecking,,,,,,
ofbiz-3.0.0,CodeGenerators,,,,,,
OpenCHAT.src,Chat,HTTPServers,,,,,
opendcn-2.0.13,Other/NonlistedTopic,MessageBoards,CMSSystems,SocialNetworking,,,
openephyra-0.1.2,BusinessIntelligence,Frameworks,Indexing/Search,InformationAnalysis,Search,,
openreports-3.2.0,DataWarehousing,DynamicContent,Enterprise,Front-Ends,Printing,,
openvrml-0.18.9,3DRendering,Browsers,Gnome,,,,
PDFClown-0.1.2-Beta,TextProcessing,DynamicContent,Presentation,,,,
pebble-2.6.4,Blogging,MessageBoards,,,,,
php-java-bridge_7.2.1_documentation,DynamicContent,Interpreters,VirtualMachines,,,,
pippoproxy-1.0,HTTPServers,ObjectOriented,,,,,
pjl-comp-filter-1.8.1,DynamicContent,SiteManagement,HTTPServers,,,,
portofino-5.1.0,Enterprise,DynamicContent,SiteManagement,,,,
proxyma-0.3,Networking,WWW/HTTP,,,,,
pushlet-2.0.4,Networking,WWW/HTTP,,,,,
pygmy-httpd,HTTPServers,,,,,,
rabin-hash-function-2.0,Cryptography,Indexing/Search,Mathematics,,,,
rachel-2.0-b1,HTTPServers,SoftwareDevelopment,SoftwareDistribution,,,,
RapidVisualOAITool,HTTPServers,Visualization,,,,,
RemoteWAP-0.4,InternetPhone,Security,SystemsAdministration,WAP,WWW/HTTP,,
replayer_1_0b4,Capture,Capture/Recording,Communications,WWW/HTTP,,,
samples_13a,Accounting,ArtificialIntelligence,CodeGenerators,DynamicContent,Front-Ends,Simulation,
scope-samples-2.0-alpha-2-src,Accounting,ArtificialIntelligence,CodeGenerators,DynamicContent,Front-Ends,Simulation,
seaf_v1.0.0_Bishop,CodeGenerators,DynamicContent,Frameworks,,,,
searchy-2.1.3,DistributedComputing,Indexing/Search,SiteManagement,SystemsAdministration,,,
seda-release-20020712,HTTPServers,,,,,,
shanixmlparser-v1.4.17,WWW/HTTP,Interpreters,,,,,
simple-6.0.1,DynamicContent,HTTPServers,SiteManagement,SoftwareDevelopment,,,
SimpleScrape0.11,HTML/XHTML,InformationAnalysis,WWW/HTTP,,,,
sinaxe-1.0-b1,BuildTools,DynamicContent,Interpreters,Other/NonlistedTopic,Visualization,,
smartpool_1.5,DatabaseEngines/Servers,HTTPServers,Other/NonlistedTopic,,,,
soapuddi_src_0.3.1,HTTPServers,Office/Business,,,,,
sources,ObjectBrokering,,,,,,
strutsbuilder-0.4_b1,ObjectBrokering,,,,,,
strutswizard-0.9,BuildTools,DynamicContent,,,,,
sval-1.0,WWW/HTTP,,,,,,
tabletag_0.2,CGITools/Libraries,Front-Ends,SoftwareDevelopment,,,,
TGGL_122_jre11,Indexing/Search,Vector-Based,Visualization,,,,
tk-filters-1.0.1,DynamicContent,SoftwareDevelopment,,,,,
transform-3.0-dist,IntegratedDevelopmentEnvironments(IDE),BuildTools,Mathematics,Education,,,
upserve-0.6,SiteManagement,,,,,,
usemdoj-utf8_v1.2-jetty-4.2.22,SiteManagement,,,,,,
velosurf-2.3,DynamicContent,Front-Ends,HTTPServers,,,,
webmacro-classic-bin-2.1,CGITools/Libraries,Interpreters,,,,,
websphinx-src,Indexing/Search,,,,,,
webwatcher,Indexing/Search,LinkChecking,,,,,
wikipedia-miner-1.2.0,Indexing/Search,InformationAnalysis,,,,,
xml2any_src-0.1,Indexing/Search,InformationAnalysis,,,,,
xmlenc-0.52,CGITools/Libraries,SoftwareDevelopment,XML,,,,
2.7-alpha,Bio-Informatics,HumanMachineInterfaces,MedicalScienceApps.,,,,
agentcell-2.0_2007JUL05,Bio-Informatics,Simulations,,,,,
arrayplex-1.0.3,MolecularScience,Bio-Informatics,,,,,
BANNER_v02,Bio-Informatics,Linguistics,,,,,
BD-Func-1.1.6,Bio-Informatics,,,,,,
biodom_1-2-2_full,Bio-Informatics,,,,,,
BioFace_win_004,Bio-Informatics,,,,,,
Cellontro_0_2,Bio-Informatics,,,,,,
cese-1.4.7,Bio-Informatics,MedicalScienceApps.,Simulations,,,,
CIG-P_V1.1.win32,Bio-Informatics,Visualization,,,,,
customtask-portlets-1.0.2-src,Astronomy,Bio-Informatics,Chemistry,Clustering,DistributedComputing,Installation/Setup,
Data,Debuggers,Front-Ends,Testing,UserInterfaces,,,
dataset,Bio-Informatics,,,,,,
DebugLib_1.0,ArtificialIntelligence,Bio-Informatics,Clustering,DistributedComputing,ElectronicDesignAutomation(EDA),SoftwareDistribution,
DEVS-SBML_v0.0.5,Simulations,Bio-Informatics,,,,,
ecolosim,Bio-Informatics,,,,,,
egantt-0.5.3a,Bio-Informatics,Scheduling,Vector-Based,,,,
Flicker-V0.87.2-dist,Bio-Informatics,,,,,,
force_for_java_1.6.0,Algorithms,MolecularScience,Bio-Informatics,MedicalScienceApps.,InformationAnalysis,,
frida_v_1.0.11,Bio-Informatics,MedicalScienceApps.,,,,,
GATA_0.7,Bio-Informatics,Education,Visualization,,,,
importwizard,Bio-Informatics,,,,,,
infosapient,ArtificialIntelligence,Bio-Informatics,DistributedComputing,Scheduling,,,
jaga_v1.5,ArtificialIntelligence,Bio-Informatics,CodeGenerators,,,,
JDACO_1.03,Bio-Informatics,,,,,,
jeegall,Bio-Informatics,MedicalScienceApps.,Visualization,,,,
jefnet-0.5.rc2-alpha-bundle,ArtificialIntelligence,Bio-Informatics,,,,,
jheatchart-0.6,Bio-Informatics,Visualization,,,,,
jkinship_v2_040128_c,Bio-Informatics,,,,,,
JMolDraw-0.6alpha.src,MolecularScience,Chemistry,Bio-Informatics,,,,
jterm-SNAPSHOT-2008-01-01,Bio-Informatics,,,,,,
jwordnet_v1_2,ArtificialIntelligence,Bio-Informatics,Linguistics,,,,
libKiSAO-1.0.3-rc,Bio-Informatics,"SemanticWeb(RDF,OWL,etc.)",,,,,
lux-i3,AJAX,Bio-Informatics,UserInterfaces,,,,
mindio-0.0.2,Bio-Informatics,HumanMachineInterfaces,MedicalScienceApps.,,,,
Molevolve-0.2.0,MolecularScience,Simulations,Bio-Informatics,,,,
MonaLisa_Release5_100,MolecularScience,Bio-Informatics,Visualization,,,,
MyGD,Bio-Informatics,,,,,,
OME-1.2-IR4,Bio-Informatics,DynamicContent,MedicalScienceApps.,,,,
Oriel-workbench-1.0-alpha,Bio-Informatics,XML,,,,,
PARSEC_Deployment_Package_v2,Bio-Informatics,,,,,,
plos_code,Simulations,Bio-Informatics,,,,,
PondScum_1_0,Simulation,Bio-Informatics,ArtificialIntelligence,ComputerAidedInstruction(CAI),,,
PPIXpress_1.22,MolecularScience,Bio-Informatics,MedicalScienceApps.,,,,
PRIDE_API_usage_example_1.0,Bio-Informatics,,,,,,
proteintracker_1.4,Bio-Informatics,,,,,,
SeqEdit,Bio-Informatics,,,,,,
src1_05g,Bio-Informatics,Viewers,,,,,
sst1_src,Bio-Informatics,InformationAnalysis,,,,,
strbiolib-1.3,ArtificialIntelligence,Bio-Informatics,MolecularScience,,,,
structure-cdk-0.1.2,Bio-Informatics,Chemistry,Visualization,,,,
talisman-release-1-4-5-11,Bio-Informatics,DynamicContent,Front-Ends,InterfaceEngine/ProtocolTranslator,,,
tassel-4.3-src-20130913,Bio-Informatics,,,,,,
TIRfinder-1.1,Bio-Informatics,,,,,,
tmaj_3.4.0,Bio-Informatics,MedicalScienceApps.,,,,,
v0.9-beta,Bio-Informatics,MedicalScienceApps.,,,,,
vipR_0.0.16,Bio-Informatics,,,,,,
vnt_plugins_binaries_v1.0,Bio-Informatics,Graphics,,,,,
VSViewer3D-v0.0.1,MolecularScience,Chemistry,Bio-Informatics,,,,
waw-1.0.12,Bio-Informatics,Mathematics,Visualization,,,,
win_lin_64_bit,Bio-Informatics,,,,,,
xqtav-1.1,Bio-Informatics,,,,,,
YeastsIdentification-1.0-src,Bio-Informatics,,,,,,
ZAE.0.0.1,Bio-Informatics,Visualization,,,,,
2.7-alpha,Bio-Informatics,HumanMachineInterfaces,MedicalScienceApps.,,,,
aminePlatform8_5Release,Front-Ends,SoftwareDevelopment,ArtificialIntelligence,HumanMachineInterfaces,Education,GIS,
Applet,Database,DynamicContent,HumanMachineInterfaces,,,,
blexisma2,IntelligentAgents,HumanMachineInterfaces,InformationAnalysis,,,,
bluesyncgui-0.0.1,HumanMachineInterfaces,,,,,,
calamari_a8,Browsers,HumanMachineInterfaces,,,,,
commandcentre.code,DatabaseEngines/Servers,Simulations,HumanMachineInterfaces,,,,
dany11122000,ArtificialIntelligence,Chat,HumanMachineInterfaces,SymmetricMulti-processing,,,
discos-0.3-pre_alpha,HumanMachineInterfaces,,,,,,
easyswing-0.7.1-beta-src,HumanMachineInterfaces,,,,,,
eLocutor,Other/NonlistedTopic,HumanMachineInterfaces,,,,,
ExpressEye,HumanMachineInterfaces,MedicalScienceApps.,,,,,
gumbo-j3dui-070730,Graphics,Visualization,HumanMachineInterfaces,,,,
hyperspider_2003-09-01_bin-win32,HumanMachineInterfaces,InformationAnalysis,LinkChecking,Visualization,,,
infovis-0.9beta2-compiled,HumanMachineInterfaces,UserInterfaces,Visualization,,,,
JavaHMI-0.1.3,HumanMachineInterfaces,,,,,,
jcustomizer-1.2,HumanMachineInterfaces,Presentation,,,,,
jrobot,Education,HumanMachineInterfaces,Streaming,,,,
jscroll-1.0.2-bin,HumanMachineInterfaces,Presentation,SoftwareDevelopment,Visualization,WindowManagers,,
JVisu-1.0.0,HumanMachineInterfaces,,,,,,
Kaw7_release,ComputerAidedInstruction(CAI),Documentation,HumanMachineInterfaces,,,,
leo-0.1.2-src,ArtificialIntelligence,HumanMachineInterfaces,,,,,
LogiDist_EngineLite_1.0.0,Algorithms,HumanMachineInterfaces,InformationAnalysis,QualityAssurance,Scheduling,TimeTracking,
mbDevConf-snapshot-0.70B2-src-pkg,Communications,HumanMachineInterfaces,,,,,
MedSLT-0.95,HumanMachineInterfaces,MedicalScienceApps.,,,,,
midiki-src-0.1.3,HumanMachineInterfaces,,,,,,
mindio-0.0.2,Bio-Informatics,HumanMachineInterfaces,MedicalScienceApps.,,,,
nexist-0_3,ComputerAidedInstruction(CAI),HumanMachineInterfaces,Socialsciences,,,,
openUGS,HumanMachineInterfaces,,,,,,
OptimizationModel_PlanningExperiment-02.044,GeneticAlgorithms,Simulations,ElectronicDesignAutomation(EDA),Mathematics,HumanMachineInterfaces,InformationAnalysis,
ptk_3_4,HumanMachineInterfaces,,,,,,
QRayV1a,3DModeling,3DRendering,HumanMachineInterfaces,Visualization,,,
simcad_win,DatabaseEngines/Servers,HumanMachineInterfaces,,,,,
skymonome_1.3,HumanMachineInterfaces,Sound/Audio,Libraries,,,,
softmusic_v4,HumanMachineInterfaces,MIDI,SoundSynthesis,,,,
Sokofinity-1.0,Side-Scrolling/ArcadeGames,HumanMachineInterfaces,,,,,
srm,Frameworks,HumanMachineInterfaces,Speech,,,,
steelme-0.1.3,HumanMachineInterfaces,SoftwareDevelopment,,,,,
Thinknowlogy2018r4,ArtificialIntelligence,HumanMachineInterfaces,Linguistics,,,,
tinyos-1.1.0,Networking,OperatingSystemKernels,HumanMachineInterfaces,,,,
tisgui,HumanMachineInterfaces,,,,,,
toejam-3.0.3-src,Capture/Recording,HumanMachineInterfaces,Office/Business,Telephony,,,
trindikit4-0.2alpha,ArtificialIntelligence,HumanMachineInterfaces,,,,,
tweed-0.1.1,HumanMachineInterfaces,ObjectBrokering,,,,,
vis-0.0.1,HumanMachineInterfaces,Presentation,Visualization,WWW/HTTP,,,
WebTranslator-all-0.2a,Communications,InterfaceEngine/ProtocolTranslator,HumanMachineInterfaces,,,,
xmillum-0.9-src,HumanMachineInterfaces,,,,,,
AbuGraph_7.10.14,InformationAnalysis,Mathematics,Presentation,UserInterfaces,Viewers,Visualization,
aivis-0.1a-pre-alpha,ArtificialIntelligence,Filters,InformationAnalysis,Security,SystemsAdministration,,
Analysis+,OfficeSuites,Visualization,InformationAnalysis,,,,
auratus-beta-1.0,Financial,Games/Entertainment,ArtificialIntelligence,Mathematics,MedicalScienceApps.,InformationAnalysis,
blexisma2,IntelligentAgents,HumanMachineInterfaces,InformationAnalysis,,,,
BZbyteReports_2_0_1Alpha,Financial,DynamicContent,UserInterfaces,InformationAnalysis,,,
dacom--1.0,Communications,Indexing/Search,InformationAnalysis,Socialsciences,Visualization,,
force_for_java_1.6.0,Algorithms,MolecularScience,Bio-Informatics,MedicalScienceApps.,InformationAnalysis,,
formatchecksource010100,DataFormats,DataWarehousing,Database,InformationAnalysis,Testing,,
FSTVis-v0.9,InformationAnalysis,Visualization,,,,,
GAMES-ESMI-Link-war,Monitoring,Scientific/Engineering,InformationAnalysis,,,,
hyperspider_2003-09-01_bin-win32,HumanMachineInterfaces,InformationAnalysis,LinkChecking,Visualization,,,
jgnuplot-0.3-src,Graphics,InformationAnalysis,Mathematics,Visualization,,,
jrandtest-0.4,Cryptography,InformationAnalysis,Mathematics,,,,
judoscript-0.9,DynamicContent,Front-Ends,InformationAnalysis,Interpreters,Packaging,SystemShells,
lexau-0.3-src,ArtificialIntelligence,InformationAnalysis,Mathematics,,,,
LogiDist_EngineLite_1.0.0,Algorithms,HumanMachineInterfaces,InformationAnalysis,QualityAssurance,Scheduling,TimeTracking,
mlj-1_0a_nodoc,ArtificialIntelligence,Education,InformationAnalysis,Mathematics,,,
mocl0.5,InformationAnalysis,Interpreters,,,,,
modama-bin-0.7.1-beta,GraphicsConversion,Chemistry,Visualization,InformationAnalysis,Physics,,
MuLaViTo-src,InformationAnalysis,Simulations,Visualization,,,,
oBrowse-V0.1,Visualization,InformationAnalysis,,,,,
openephyra-0.1.2,BusinessIntelligence,Frameworks,Indexing/Search,InformationAnalysis,Search,,
OptimizationModel_PlanningExperiment-02.044,GeneticAlgorithms,Simulations,ElectronicDesignAutomation(EDA),Mathematics,HumanMachineInterfaces,InformationAnalysis,
SA2-1.0-stable_RC1,Bio-Informatics,Chemistry,InformationAnalysis,MolecularScience,Visualization,,
semantical-full-0-9-2-542,Frameworks,Indexing/Search,InformationAnalysis,IntelligentAgents,Modeling,,
semtinel,Frameworks,InformationAnalysis,MARCandBook/LibraryMetadata,OPAC,Visualization,,
sensorML_src_0.1.1,EarthSciences,GIS,InformationAnalysis,Simulations,Visualization,,
SimpleScrape0.11,HTML/XHTML,InformationAnalysis,WWW/HTTP,,,,
SmartGRAPE-0.3,Enterprise,Algorithms,Frameworks,Design,ArtificialIntelligence,InformationAnalysis,
snarli,ArtificialIntelligence,InformationAnalysis,Mathematics,,,,
sst1_src,Bio-Informatics,InformationAnalysis,,,,,
taste-1.7.2,Indexing/Search,InformationAnalysis,,,,,
wikipedia-miner-1.2.0,Indexing/Search,InformationAnalysis,,,,,
20191009.MultiPrecisionCalculator.v1.1,DesktopEnvironment,Mathematics,,,,,
AbuGraph_7.10.14,InformationAnalysis,Mathematics,Presentation,UserInterfaces,Viewers,Visualization,
ai352-source,Astronomy,Mathematics,,,,,
anarchonomy,ArtificialIntelligence,Mathematics,TurnBasedStrategy,,,,
atropos-1.3.1,DistributedComputing,Mathematics,Monitoring,,,,
auratus-beta-1.0,Financial,Games/Entertainment,ArtificialIntelligence,Mathematics,MedicalScienceApps.,InformationAnalysis,
AutoOpenCAS-25-Jul-2001,3DModeling,Mathematics,Visualization,,,,
capi1.01,Mathematics,,,,,,
chessqueens-0.0.4,BoardGames,Mathematics,,,,,
combean-0.2,Algorithms,Frameworks,Mathematics,ObjectOriented,,,
CurveDraw,Mathematics,,,,,,
demetrix-server-0.0.1,Mathematics,,,,,,
derive_0.0.2Beta,Mathematics,,,,,,
Expression4j-0.03,Frameworks,Interpreters,Mathematics,,,,
expressionoasis-3-1,Frameworks,Interpreters,Mathematics,,,,
formula-1-1-src,Library,Mathematics,,,,,
Formula-o-Matic-1.0-src,Mathematics,Education,,,,,
fractalator.6beta,Graphics,Mathematics,,,,,
fractalj-win,Mathematics,,,,,,
FractalView1.0.3,Graphics,Mathematics,Visualization,,,,
freak-0.2-all,ArtificialIntelligence,Mathematics,,,,,
Full-JHLib-1-0-src-doc-test,Mathematics,,,,,,
galapago.0.4,Graphics,Mathematics,Education,,,,
GavrogSources-0.4.0beta,Algorithms,Chemistry,Education,Mathematics,Visualization,,
GCalc-3.0-rc1,Education,Mathematics,,,,,
gjal-0.0.1,Mathematics,,,,,,
grape-0.9.4,Mathematics,,,,,,
GraphTraversal,Mathematics,,,,,,
gsl-java-1.3-0.6,Mathematics,,,,,,
harmony-2.1,Astronomy,Mathematics,SoundSynthesis,,,,
hodgkin-0.1,Mathematics,Simulations,,,,,
HorsePower_Source_0.2.0,Mathematics,,,,,,
hypergherkin,Library,Mathematics,,,,,
hypergraph-0.6.3,Mathematics,SiteManagement,Visualization,,,,
Ightaria-G,Mathematics,,,,,,
impression-1.0.1-alfa-full,Mathematics,SoftwareDevelopment,,,,,
InfixCalc_1.1_Source,Mathematics,,,,,,
javaanpr,ArtificialIntelligence,Mathematics,,,,,
javalogo,Education,Graphics,Mathematics,,,,
jbasechange,Mathematics,,,,,,
JCalc0.04a,Financial,Mathematics,,,,,
jchat0.1alpha1,TextEditors,Mathematics,Physics,,,,
jclifford_v0.9,Interpreters,Mathematics,Visualization,,,,
jexp-src-1.0,Mathematics,,,,,,
jextractor-0.3-pre-alpha,Astronomy,Mathematics,Visualization,,,,
JFD,ComputerAidedInstruction(CAI),Mathematics,,,,,
jgnuplot-0.3-src,Graphics,InformationAnalysis,Mathematics,Visualization,,,
jgrapht-1.3.0,Modeling,Mathematics,SocialNetworking,,,,
JGV,3DRendering,Mathematics,Viewers,Visualization,,,
jinterestrate101,Financial,Mathematics,,,,,
jlal-0.11.1,Mathematics,,,,,,
jlinalg_0.8,Mathematics,,,,,,
jmathlibrary_v.01_pre_,Mathematics,,,,,,
jmat_5.0,Mathematics,Visualization,,,,,
jnumeric0_1_a3,Mathematics,,,,,,
jorrery-src-3.0,Astronomy,Mathematics,,,,,
JRayTrace,3DRendering,Mathematics,Visualization,,,,
JSci,Mathematics,,,,,,
jump-0.5-bin,Mathematics,SoftwareDevelopment,,,,,
jvisual3d,3DModeling,3DRendering,Mathematics,Viewers,Visualization,,
knowceans-tools-src-20111211,DataFormats,Libraries,Statistics,,,,
leaguetools-1.41,Games/Entertainment,Mathematics,Office/Business,,,,
lexau-0.3-src,ArtificialIntelligence,InformationAnalysis,Mathematics,,,,
libglpk-java-1.12.0,Mathematics,Libraries,,,,,
lucid,CodeGenerators,Internet,Visualization,Mathematics,Physics,Testing,
m2b.1.0a,Mathematics,Printing,TextProcessing,Visualization,,,
majorspot-0.5.1,ArtificialIntelligence,Mathematics,,,,,
marvin-1.0.0alpha-src,ArtificialIntelligence,Mathematics,Visualization,,,,
mesp1.02,Mathematics,,,,,,
mlj-1_0a_nodoc,ArtificialIntelligence,Education,InformationAnalysis,Mathematics,,,
muminav-0.7,DynamicContent,Graphics,Mathematics,,,,
OptimizationModel_PlanningExperiment-02.044,GeneticAlgorithms,Simulations,ElectronicDesignAutomation(EDA),Mathematics,HumanMachineInterfaces,InformationAnalysis,
oriented-0.3,Mathematics,,,,,,
precisefloating_0_2,Mathematics,,,,,,
PreparationetImportdansTXM2019,InformationAnalysis,Linguistics,Statistics,,,,
primchecker1.0-src,Mathematics,,,,,,
project1_00.2001092802,Mathematics,,,,,,
projectlima,Mathematics,,,,,,
qcalc_0.77,Mathematics,,,,,,
rabin-hash-function-2.0,Cryptography,Indexing/Search,Mathematics,,,,
radlib-1.0.0-full,3DModeling,3DRendering,Library,Mathematics,Modeling,,
randservice-full-0.2.1,DistributedComputing,DynamicContent,Mathematics,SoftwareDevelopment,,,
rebuses_src,Mathematics,,,,,,
sacic_05_jar_and_source,Mathematics,,,,,,
setup-fractalplay,Mathematics,,,,,,
sicher_v002,Chat,Cryptography,Mathematics,,,,
sigoa_0.9,Simulations,ArtificialIntelligence,Mathematics,,,,
sjgraph0.9-src,3DModeling,Visualization,Mathematics,,,,
snarli,ArtificialIntelligence,InformationAnalysis,Mathematics,,,,
stan-2.1.0,Mathematics,ProjectManagement,,,,,
Stat,InternetRelayChat,Database,DynamicContent,LogAnalysis,,,
TheCurves-1.1,Visualization,Mathematics,Physics,,,,
visualFSA-0.1b-src,Visualization,Mathematics,Education,,,,
visualMaths-0.9.6,Mathematics,Education,,,,,
vmt3.0.1,Mathematics,ComputerAidedInstruction(CAI),,,,,
waw-1.0.12,Bio-Informatics,Mathematics,Visualization,,,,
xcalc_source,Mathematics,Education,,,,,
xmlmath-1.1-SNAPSHOT-4,Algorithms,Library,Mathematics,,,,
_mbfuzzit,ArtificialIntelligence,Mathematics,,,,,
AbuGraph_7.10.14,InformationAnalysis,Mathematics,Presentation,UserInterfaces,Viewers,Visualization,
AIS_3.0,Visualization,InformationAnalysis,BusinessIntelligence,,,,
alevin-src_v2.1,Simulations,Visualization,,,,,
Analysis+,OfficeSuites,Visualization,InformationAnalysis,,,,
attractors-1.0-beta4,Graphics,Visualization,,,,,
AutoOpenCAS-25-Jul-2001,3DModeling,Mathematics,Visualization,,,,
barchart-source-0.0.1,SoftwareDevelopment,Graphics,Visualization,,,,
bocca-0.5.7,BuildTools,Chemistry,EarthSciences,MolecularScience,Physics,Visualization,
cewolfexample,DynamicContent,Graphics,Visualization,,,,
CIG-P_V1.1.win32,Bio-Informatics,Visualization,,,,,
clusteringdemo_2-0-2_src,Education,Visualization,,,,,
croftsoft_2008-09-28,RealTimeStrategy,Role-Playing,Side-Scrolling/ArcadeGames,Simulation,TurnBasedStrategy,Visualization,
dacom--1.0,Communications,Indexing/Search,InformationAnalysis,Socialsciences,Visualization,,
darkmaps-1.0-src,3DRendering,Education,Games/Entertainment,GraphicsConversion,Viewers,Visualization,
dbviz-1.0.8,Front-Ends,Visualization,,,,,
delphigoogle-ver-1.0,Visualization,,,,,,
entitysim-r1,ArtificialIntelligence,Education,Visualization,,,,
eyesray-1.1.0,3DRendering,Visualization,,,,,
EZ-Access,WWW/HTTP,Visualization,,,,,
fidgtvisual.windows,XML-RPC,Monitoring,Visualization,,,,
fileconvert,3DModeling,3DRendering,Games/Entertainment,Visualization,,,
FractalView1.0.3,Graphics,Mathematics,Visualization,,,,
freefs-0.94.1a,HTTPServers,Visualization,,,,,
FSTVis-v0.9,InformationAnalysis,Visualization,,,,,
g5jdk-27.12.04-src,ArtificialIntelligence,Visualization,,,,,
GATA_0.7,Bio-Informatics,Education,Visualization,,,,
GavrogSources-0.4.0beta,Algorithms,Chemistry,Education,Mathematics,Visualization,,
genvlin-June2006,Graphics,Visualization,Physics,,,,
geobject2-0alpha_javasrc,Graphics,Visualization,,,,,
GraXML-3.2.0,3DModeling,Visualization,Physics,,,,
gumbo-j3dui-070730,Graphics,Visualization,HumanMachineInterfaces,,,,
gvf,Visualization,,,,,,
HiSee,Visualization,,,,,,
hypergraph-0.6.3,Mathematics,SiteManagement,Visualization,,,,
hyperspider_2003-09-01_bin-win32,HumanMachineInterfaces,InformationAnalysis,LinkChecking,Visualization,,,
hypertree,UserInterfaces,Visualization,,,,,
Impact-0.7.06.042,Simulations,Visualization,Computer-aidedtechnologies(CADD/CAM/CAE),,,,
infovis-0.9beta2-compiled,HumanMachineInterfaces,UserInterfaces,Visualization,,,,
iSNS_win,Education,Simulations,Visualization,,,,
j3dgamesdk-v0.91,3DRendering,Games/Entertainment,SoftwareDevelopment,Visualization,,,
jaxodraw-2.1-0-src,Vector-Based,Visualization,Physics,,,,
jcckit,Presentation,Visualization,,,,,
jclifford_v0.9,Interpreters,Mathematics,Visualization,,,,
jeegall,Bio-Informatics,MedicalScienceApps.,Visualization,,,,
jextractor-0.3-pre-alpha,Astronomy,Mathematics,Visualization,,,,
jgnuplot-0.3-src,Graphics,InformationAnalysis,Mathematics,Visualization,,,
JGV,3DRendering,Mathematics,Viewers,Visualization,,,
jheatchart-0.6,Bio-Informatics,Visualization,,,,,
jmat_5.0,Mathematics,Visualization,,,,,
jplot-1.3,Visualization,,,,,,
jQuantum-2.3.1-src,Simulations,Visualization,Physics,,,,
JRayTrace,3DRendering,Mathematics,Visualization,,,,
jscroll-1.0.2-bin,HumanMachineInterfaces,Presentation,SoftwareDevelopment,Visualization,WindowManagers,,
JStreaMon,Presentation,Viewers,Visualization,IntelligentAgents,,,
jsynoptic-src.2.7.0,Presentation,Visualization,,,,,
jvisual3d,3DModeling,3DRendering,Mathematics,Viewers,Visualization,,
jviz_1.0,SoftwareDevelopment,Visualization,,,,,
jxul-src21july2001,Presentation,Viewers,Visualization,,,,
krysalis-jCharts-1.0.0-alpha-1,Presentation,Visualization,WWW/HTTP,,,,
lucid,CodeGenerators,Internet,Visualization,Mathematics,Physics,Testing,
lwvcl-3.5.0,SoftwareDevelopment,Graphics,Visualization,,,,
m2b.1.0a,Mathematics,Printing,TextProcessing,Visualization,,,
marvin-1.0.0alpha-src,ArtificialIntelligence,Mathematics,Visualization,,,,
mis-4.1,Graphics,SoftwareDevelopment,Visualization,WWW/HTTP,,,
modama-bin-0.7.1-beta,GraphicsConversion,Chemistry,Visualization,InformationAnalysis,Physics,,
MonaLisa_Release5_100,MolecularScience,Bio-Informatics,Visualization,,,,
MuLaViTo-src,InformationAnalysis,Simulations,Visualization,,,,
mulumis_0.04.44,ScreenSavers,Simulation,3DRendering,Visualization,Astronomy,Physics,
netsim_pre1,Communications,Networking,ElectronicDesignAutomation(EDA),Visualization,,,
nv2d,Communications,Viewers,Visualization,,,,
oBrowse-V0.1,Visualization,InformationAnalysis,,,,,
oow-2004-12-07,DistributedComputing,SoftwareDevelopment,Spreadsheet,Visualization,,,
openjgraph-0.9.2,Other/NonlistedTopic,SoftwareDevelopment,Visualization,,,,
owlviz4u-1.0-src,Visualization,,,,,,
ParticleBasedLabeling_java,Algorithms,ArtificialIntelligence,Robotics,Simulations,Visualization,,
Path4J.02,Algorithms,ArtificialIntelligence,Robotics,Simulations,Visualization,,
pcp-0.4c,Graphics,Visualization,,,,,
PlantraEN1608,3DModeling,Algorithms,Robotics,Visualization,,,
polytreetable-0.1,Presentation,Visualization,,,,,
QRayV1a,3DModeling,3DRendering,HumanMachineInterfaces,Visualization,,,
raddoom-1.1.6,3DRendering,Visualization,,,,,
RapidVisualOAITool,HTTPServers,Visualization,,,,,
reefer-0.1,IntegratedDevelopmentEnvironments(IDE),SoftwareDevelopment,Visualization,,,,
resumeviewer,ArtificialIntelligence,ComputerAidedInstruction(CAI),Visualization,,,,
robosim_src-v2.0,3DModeling,Viewers,Visualization,,,,
SA2-1.0-stable_RC1,Bio-Informatics,Chemistry,InformationAnalysis,MolecularScience,Visualization,,
Scanmap3D-4.1.2,Security,Monitoring,Visualization,,,,
semtinel,Frameworks,InformationAnalysis,MARCandBook/LibraryMetadata,OPAC,Visualization,,
sensorML_src_0.1.1,EarthSciences,GIS,InformationAnalysis,Simulations,Visualization,,
sinaxe-1.0-b1,BuildTools,DynamicContent,Interpreters,Other/NonlistedTopic,Visualization,,
sjgraph0.9-src,3DModeling,Visualization,Mathematics,,,,
Solvere4D_Rel_1_2_Sept19_2011,Visualization,,,,,,
springie_1.00,Visualization,,,,,,
stnl-0.3.0-api,Algorithms,ArtificialIntelligence,Visualization,,,,
structure-cdk-0.1.2,Bio-Informatics,Chemistry,Visualization,,,,
suvi-03-12-17-a,Visualization,,,,,,
TGGL_122_jre11,Indexing/Search,Vector-Based,Visualization,,,,
TheCurves-1.1,Visualization,Mathematics,Physics,,,,
TreeDraw,Visualization,Education,,,,,
Treemap,Graphics,Visualization,,,,,
viewer-extended.v0.1.21,Simulations,Visualization,IntelligentAgents,,,,
vis-0.0.1,HumanMachineInterfaces,Presentation,Visualization,WWW/HTTP,,,
visualFSA-0.1b-src,Visualization,Mathematics,Education,,,,
visualip-2.0beta-bin,Security,Monitoring,Visualization,,,,
vrmlgraph-all-1.0,3DRendering,Visualization,,,,,
waw-1.0.12,Bio-Informatics,Mathematics,Visualization,,,,
webcockpit-1.5.1,DynamicContent,Graphics,Visualization,,,,
wizzard2csv.1-1,Visualization,Physics,,,,,
xsdvi,Documentation,Presentation,Visualization,XML,,,
xvibs-17,Visualization,,,,,,
ZAE.0.0.1,Bio-Informatics,Visualization,,,,,
agilo-0.1-SNAPSHOT,Enterprise,Agiledevelopmenttools,,,,,
amix-development-3.12.2,CRM,Enterprise,HumanResources,,,,
Argotik,Browsers,BusinessIntelligence,Administration,,,,
bettersql-src-0.2,Frameworks,ETL,ORM(Object-relationalmapping),,,,
BookmarksPortletv1.1,Enterprise,,,,,,
BSSFulfillment_v1.1.3_10g_FINAL,Agiledevelopmenttools,CRM,Sales,,,,
civicrm-data-integration-1.2-src,CRM,ETL,,,,,
coreman-1.2-src,Archiving,DataWarehousing,,,,,
crp_dist_v0.07_20070518,ERP,,,,,,
czero-0.2.0-src,CASE,CMSSystems,BusinessProcessManagement,,,,
DB2RDF,Database,BusinessIntelligence,SemanticWeb(RDF,OWL,etc.),,
formatchecksource010100,DataFormats,DataWarehousing,Database,InformationAnalysis,Testing,,
gasp-0.1-src,Enterprise,Frameworks,,,,,
gwt-pf-demo1,Enterprise,Front-Ends,DynamicContent,Frameworks,UserInterfaces,,
i20k-v2.0-src,TimeTracking,BusinessServiceManagement,KnowledgeManagement,,,,
idmunit-2.1.6,Enterprise,Testing,Frameworks,QualityAssurance,Usability,Authentication/Directory,
jaspertags-0.9.0-with-dependencies,Enterprise,WWW/HTTP,,,,,
jbilling-community-4.1.1,Enterprise,Accounting,Billing,,,,
jguigen-4-06,CodeGenerators,Enterprise,Front-Ends,,,,
jOpenIT-3.081231,Database,Enterprise,ResourceBooking,,,,
jRivet-core-4.080105,Enterprise,BuildTools,Frameworks,CodeGenerators,UserInterfaces,Design,
JRubik-bin-0.9.7,DataWarehousing,Enterprise,Front-Ends,OLAP,,,
jsrs,NameService(DNS),ServiceAutomation,SiteManagement,,,,
liferay-ce-portal-tomcat-7.2.1-ga2-20191111141448326,Enterprise,DynamicContent,SiteManagement,,,,
MiniETL-src,DataWarehousing,,,,,,
Monte_Carlo_Simulations,ProjectManagement,Simulations,Productlifecyclemanagement(PLM),,,,
ndim_olap_tomcat_bundle_201509250910_build54,OLAP,DataWarehousing,BusinessIntelligence,,,,
oac-dictionary-1.0,Enterprise,,,,,,
olap-navigator-1.0.0.1113-src,DataWarehousing,DatabaseEngines/Servers,OLAP,,,,
opencustomer_0.4.0,Calendar,CRM,Enterprise,,,,
OpenFakt_20060728,Enterprise,ERP,DataWarehousing,Front-Ends,,,
openlsd-V1.0.4,Archiving,Cryptography,CRM,Enterprise,FileSharing,Frameworks,
openospc,DataWarehousing,Enterprise,Other/NonlistedTopic,,,,
openreports-3.2.0,DataWarehousing,DynamicContent,Enterprise,Front-Ends,Printing,,
PentahoLooker_1.0.1,Enterprise,Front-Ends,BusinessIntelligence,,,,
portofino-5.1.0,Enterprise,DynamicContent,SiteManagement,,,,
Procentro1.1,Enterprise,ERP,Financial,,,,
prodigy-1.0.0,Enterprise,ImageGalleries,,,,,
props-n-prefs-portlet-6.1.0.3,Enterprise,,,,,,
RoofTopNMS_0.88.bin,Enterprise,SystemsAdministration,Monitoring,,,,
RoosterIT-v1.0,HumanResources,,,,,,
ROOT,BusinessServiceManagement,,,,,,
sandev_1_42,Enterprise,ProjectManagement,BuildTools,CodeGenerators,Design,DistributedComputing,
sarman-0.2,CRM,,,,,,
security,Authentication/Directory,Security,SoftwareDevelopment,WWW/HTTP,,,
smarterp5-02-05-2019,Sales,,,,,,
SmartGRAPE-0.3,Enterprise,Algorithms,Frameworks,Design,ArtificialIntelligence,InformationAnalysis,
SmartStockMobileApplication,DataWarehousing,,,,,,
sourcetapcrm_03A,Accounting,CRM,Enterprise,ERP,Frameworks,Front-Ends,ProjectManagement
ssbptester,BusinessProcessManagement,,,,,,
testcase4j-core-1.0b-with-dependencies,Enterprise,QualityAssurance,Testing,,,,
TimeEntry-6.090714,Enterprise,ResourceBooking,TimeTracking,,,,
tobflow-1.3.0-src,Workflow,,,,,,
TOS_DI-20190620_1446-V7.2.1,DataFormats,Enterprise,DataWarehousing,Front-Ends,CodeGenerators,DistributedComputing,
WebLibrarian-4.080930,Enterprise,Internet,Library,,,,
auratus-beta-1.0,Financial,Games/Entertainment,ArtificialIntelligence,Mathematics,MedicalScienceApps.,InformationAnalysis,
barbecue-1.5-beta1,DynamicContent,Graphics,Point-Of-Sale,Printing,Scientific/Engineering,,
barcode4j-2.1.0-bin,Point-Of-Sale,Printing,Graphics,,,,
batavia-xbrl-bxjl-soafxmapping-1.0,Financial,SoftwareDevelopment,XML,,,,
beans-0.08,Accounting,,,,,,
CashFlow,Accounting,BudgetingandForecasting,Personalfinance,,,,
Ceps-0.01,Point-Of-Sale,Security,,,,,
com.skwash_1.0.2,Financial,BuildTools,CodeGenerators,Scientific/Engineering,,,
com.xclu.eclipsequote_0.0.2,Investment,SoftwareDevelopment,,,,,
dist,DistributedComputing,ObjectBrokering,,,,,
eLawOffice_FULL_Mysql_ITA_1_1_7c,Other/NonlistedTopic,Accounting,Scheduling,,,,
emani_release_0_001,Financial,Database,DesktopEnvironment,,,,
erbox_260a-1,Accounting,CRM,ERP,Point-Of-Sale,ProjectManagement,,
ESS_10_15,Accounting,,,,,,
excelsior,Investment,,,,,,
facecart_src1.0.3,E-Commerce/Shopping,Enterprise,Financial,,,,
fora,Financial,SoftwareDevelopment,ArtificialIntelligence,,,,
frijole-0.1.4,Browsers,CGITools/Libraries,Financial,Front-Ends,SoftwareDevelopment,,
FSC_JDeveloper,BudgetingandForecasting,Games/Entertainment,Multimedia,,,,
gfpp-0.1-source,Financial,Simulation,Testing,,,,
grace-0.2.2,Financial,OfficeSuites,,,,,
home-src-0.1.1,Accounting,,,,,,
javacsv2.1,DataFormats,Spreadsheet,DatabaseEngines/Servers,,,,
jbilling-community-4.1.1,Enterprise,Accounting,Billing,,,,
JCalc0.04a,Financial,Mathematics,,,,,
jcash-src,Accounting,,,,,,
jeppers,OfficeSuites,Spreadsheet,,,,,
jfinance-0.2.0,Investment,SoftwareDevelopment,,,,,
jFin_DateMath_R1_0_1_bin,Accounting,Calendar,Investment,,,,
jGnucashEditor-src-2.0.26,DataFormats,Accounting,,,,,
jinterestrate101,Financial,Mathematics,,,,,
JKtoCheck_0.8,Accounting,Billing,Libraries,,,,
jpivot-1.8.0,DynamicContent,Financial,Front-Ends,SoftwareDevelopment,,,
jpos-1.7.0,Communications,Point-Of-Sale,,,,,
jrpt,Accounting,WWW/HTTP,BuildTools,CodeGenerators,,,
JStockTicker1.02,Investment,,,,,,
Lazy8Ledger-2.24-source,Accounting,,,,,,
lazy8ledger217source,Accounting,,,,,,
ledger,Office/Business,Accounting,,,,,
markets,Investment,Education,,,,,
MiCartera_1.1.0,Billing,,,,,,
nomadpim-0.81.0-win32.win32.x86,Accounting,Other/NonlistedTopic,Scheduling,To-DoLists,,,
OfficeManager_0_9_0_src,Accounting,Point-Of-Sale,Scheduling,OfficeSuites,,,
OnlineBanking,Office/Business,Accounting,,,,,
oxerp-1.0.0rc1-src,Accounting,Point-Of-Sale,,,,,
pn_0_1_1_alpha,Investment,,,,,,
PropertiesAdapter_1.0_alpha,Database,DistributedComputing,LDAP,ObjectBrokering,OfficeSuites,Point-Of-Sale,
prototipi_1_3,Financial,Database,,,,,
qd-0.1,Financial,WWW/HTTP,,,,,
redhorn-14-9-2003,Financial,,,,,,
regatta-src-1.0,Accounting,Education,Scheduling,Spreadsheet,,,
release4,Financial,Cryptography,,,,,
republic-0.5,Spreadsheet,OfficeSuites,,,,,
ReturnMyPicture_1_0_0,DynamicContent,Financial,Graphics,,,,
sample,Accounting,ArtificialIntelligence,CodeGenerators,DynamicContent,Front-Ends,Simulation,
samproj-0.1.7,Accounting,Investment,DynamicContent,SoftwareDevelopment,,,
saw_0.995,Financial,WWW/HTTP,SoftwareDevelopment,Networking,,,
SharpTools-1.4.1,Spreadsheet,,,,,,
siriusSource_2.20_03,Accounting,Cryptography,,,,,
sourcetapcrm_03A,Accounting,CRM,Enterprise,ERP,Frameworks,Front-Ends,ProjectManagement
source_15-4-2009,Personalfinance,,,,,,
tails-1.0-SNAPSHOT,Investment,,,,,,
teha,Accounting,,,,,,
vis_2_45_0_final,Financial,,,,,,
zXDemo-14092005,Financial,SoftwareDevelopment,,,,,
buzzard-0.0.1,FileSharing,Front-Ends,Scheduling,,,,
compete-1.1,Calendar,Sports,TimeTracking,,,,
ConfISS_1.4,Scheduling,Scientific/Engineering,SiteManagement,,,,
de.steffomio.sockserver-SNAPSHOT-v53,Scheduling,,,,,,
doyen,Scheduling,,,,,,
easydcs-v0.71,ResourceBooking,,,,,,
egantt-0.5.3a,Bio-Informatics,Scheduling,Vector-Based,,,,
eLawOffice_FULL_Mysql_ITA_1_1_7c,Other/NonlistedTopic,Accounting,Scheduling,,,,
EventScheduler_v2,Scheduling,,,,,,
finald,Scheduling,,,,,,
gildav,ResourceBooking,,,,,,
golf-reserve-src-1.0.1,Scheduling,,,,,,
hsg1.1,Scheduling,MedicalScienceApps.,,,,,
infosapient,ArtificialIntelligence,Bio-Informatics,DistributedComputing,Scheduling,,,
jFin_DateMath_R1_0_1_bin,Accounting,Calendar,Investment,,,,
jical-1.5,Scheduling,WWW/HTTP,,,,,
jnotes2.0a-20030902,Scheduling,,,,,,
jOpenIT-3.081231,Database,Enterprise,ResourceBooking,,,,
JProgect-0.1.2,Scheduling,SoftwareDevelopment,,,,,
jwebcalendar,Calendar,,,,,,
labonizer,ArtificialIntelligence,Scheduling,,,,,
ListfulThinking_0_6_6,Scheduling,,,,,,
LogiDist_EngineLite_1.0.0,Algorithms,HumanMachineInterfaces,InformationAnalysis,QualityAssurance,Scheduling,TimeTracking,
memoranda1.0-rc3.1-20070407,Scheduling,,,,,,
mysql-connector-java-2.0.14,Scheduling,,,,,,
nomadpim-0.81.0-win32.win32.x86,Accounting,Other/NonlistedTopic,Scheduling,To-DoLists,,,
OfficeManager_0_9_0_src,Accounting,Point-Of-Sale,Scheduling,OfficeSuites,,,
opencustomer_0.4.0,Calendar,CRM,Enterprise,,,,
openPMS_0.9.01a,MedicalScienceApps.,OfficeSuites,Scheduling,,,,
openproj-1.3-src,Scheduling,OfficeSuites,ProjectManagement,,,,
opentask_0.1.4,Scheduling,To-DoLists,ProjectManagement,,,,
Orario_Elettronico-j.0,Scheduling,Front-Ends,Education,,,,
PDFAction_10_beta,Scheduling,,,,,,
pimsort-0.1,Email,Calendar,,,,,
projtimer-v1.0.1,Scheduling,,,,,,
regatta-src-1.0,Accounting,Education,Scheduling,Spreadsheet,,,
salesforge-desktop-1.4.0-src,Scheduling,,,,,,
smartcalendar-0.1beta-all,Calendar,UserInterfaces,,,,,
sourcekeeper-0.4,ProjectManagement,Scheduling,SoftwareDevelopment,,,,
spear,Networking,Scheduling,Speech,,,,
ss-1.6-src,Scheduling,SoftwareDevelopment,,,,,
taskmgr-0.2.0,Scheduling,,,,,,
tasktrack9v1.2,DynamicContent,Scheduling,,,,,
tasktracker_30.23.2002,Communications,Other/NonlistedTopic,Scheduling,,,,
TennisLadderAdmin,Database,Scheduling,,,,,
TimeEntry-6.090714,Enterprise,ResourceBooking,TimeTracking,,,,
TreeMap,FileSharing,Scheduling,VersionControl,,,,
tw44,ProjectManagement,Scheduling,To-DoLists,,,,
witima-1.1.client.src,Financial,Scheduling,OfficeSuites,,,,
xplanner-0.7b7b-war,Scheduling,SoftwareDevelopment,,,,,
xpstorm1.0-orion1.5.2-non-commercial,Scheduling,SoftwareDevelopment,,,,,
amoc-0.1.0,Monitoring,Clustering,,,,,
atomicdate-1.1,Monitoring,SoftwareDevelopment,SystemsAdministration,,,,
atropos-1.3.1,DistributedComputing,Mathematics,Monitoring,,,,
avis-client-1.1.1,Chat,Networking,SoftwareDevelopment,,,,
BunnyXProfileClient-0.1-src,Networking,WWW/HTTP,,,,,
CertForge_1.1,Cryptography,Internet,Networking,,,,
ClipboardShare_0.2.2,Communications,Networking,,,,,
compiere-nma-collector-0.3,Logging,Monitoring,SystemsAdministration,,,,
comxml-0.1.0,HamRadio,Networking,,,,,
corexml-0.3.6,Communications,Networking,RealTimeStrategy,SoftwareDevelopment,,,
cryptix-sasl-0.8.10,Internet,Networking,Security,,,,
daemon4j-0.1-alpha1,Networking,SoftwareDevelopment,,,,,
DisCo0.1,Frameworks,Networking,DistributedComputing,,,,
fidgtvisual.windows,XML-RPC,Monitoring,Visualization,,,,
foxy-src,DynamicContent,HTML/XHTML,HTTPServers,Networking,SiteManagement,WAP,
FreeSB-1.0RC3,Networking,,,,,,
ft-bouncer-20010615,Chat,Networking,Internet,,,,
FTPSearchAgent3,FileTransferProtocol(FTP),Indexing/Search,Monitoring,,,,
galproxy08b,Communications,HTTPServers,LogAnalysis,Networking,,,
GAMES-ESMI-Link-war,Monitoring,Scientific/Engineering,InformationAnalysis,,,,
GHOST-1.0.0,LinkChecking,Monitoring,,,,,
gimenete,Networking,,,,,,
grids-3.0.0-pre_alpha-src,DistributedComputing,Networking,,,,,
HDF5L-alpha-0.1,FileTransferProtocol(FTP),Networking,Scientific/Engineering,SoftwareDistribution,Video,,
hermes-aplha5-src,Frameworks,ObjectBrokering,Networking,DistributedComputing,,,
hyperpool-0.5.1,WWW/HTTP,Frameworks,Networking,,,,
iceids-0.4.0-src,Firewalls,Monitoring,,,,,
infranet-all-0.1.4-src,Cryptography,DistributedComputing,FileSharing,Networking,WWW/HTTP,,
ipms-2.0-R1-jade3.7,DataFormats,IntelligentAgents,Internet,Networking,,,
iPony0.0.1a.src,Communications,Networking,Office/Business,SoftwareDevelopment,,,
IsoMIDlet.23.03.2006,Chat,Streaming,Networking,,,,
j-ftp-1.60,FileTransferProtocol(FTP),Networking,WWW/HTTP,,,,
ja-preAlpha_0.0.1,Communications,Networking,ObjectBrokering,,,,
jano-linux-0.1,Communications,Internet,Networking,,,,
javabluetooth-src-20031022,Communications,HardwareDrivers,Networking,SoftwareDevelopment,,,
JavaCom_0.5a,Chat,Conferencing,FileSharing,Networking,,,
JavaIDMEFv0.941beta,Security,Monitoring,,,,,
javanetcomm-0.1,Networking,,,,,,
JavaUOClient-.50,DesktopEnvironment,Games/Entertainment,Networking,Sound/Audio,,,
JBManageIT-0.1beta,Monitoring,,,,,,
JMdSync-1.2.7-src,FileTransferProtocol(FTP),WWW/HTTP,Networking,,,,
jNAT-PMPlib0.1,Linux,Monitoring,,,,,
jniosocket2-alpha1,Communications,Internet,Networking,SoftwareDevelopment,,,
JNM-0.2,Monitoring,SiteManagement,,,,,
jns-1.7,Networking,,,,,,
joesnmp-0.3.4,Monitoring,,,,,,
jpckt32-0.7.1a,Linux,Monitoring,,,,,
jsense-0.1,ArtificialIntelligence,Monitoring,WWW/HTTP,,,,
jsentry_1.0A,Firewalls,Monitoring,,,,,
jsmbconf-1.4.1,Networking,SystemsAdministration,,,,,
jswrench_source_R0_5,Internet,Networking,,,,,
jttt_2.0,Internet,Networking,SoftwareDevelopment,SystemsAdministration,,,
Kifupdown_src-0.0.1,KDesktopEnvironment(KDE),Networking,SystemsAdministration,,,,
libglass-2.0.0,Clustering,DistributedComputing,Networking,,,,
LiKee-1.0.1-sources-rev305,Monitoring,,,,,,
linuxlord-0.1.1,Internet,Networking,SystemsAdministration,,,,
LocationTrader_Web_Service_1.0,SoftwareDevelopment,Networking,,,,,
LoFiMo-1.0.15,LogAnalysis,Logging,Monitoring,SystemsAdministration,,,
maverick-synergy-3.0.0-SNAPSHOT,Terminals,Security,SoftwareDevelopment,SystemsAdministration,Networking,Internet,
mazur-1.0.0-client-src,Networking,,,,,,
mbootp-1.1,Init,Installation/Setup,Networking,,,,
metapib-1.6-src,Networking,SystemsAdministration,,,,,
miiop,Networking,DistributedComputing,,,,,
minshara_0.8,Communications,Networking,,,,,
MobileRobotics.client.v10.Source,Other/NonlistedTopic,Robotics,UserInterfaces,Wireless,,,
monitoring-0.3.0,Monitoring,SystemsAdministration,,,,,
moonbeam-0_5,Chat,Games/Entertainment,DynamicContent,Networking,,,
multigate-beta2-src,Firewalls,,,,,,
mysnmpcrawler-0.1,Monitoring,SiteManagement,,,,,
nbserver-beta1-src,Networking,,,,,,
netsim_pre1,Communications,Networking,ElectronicDesignAutomation(EDA),Visualization,,,
netsnmpj-0.2.5-beta03-win32,Communications,HardwareWatchdog,,,,,
ntpbrowser-0.01,Internet,Monitoring,,,,,
nups0.14,Monitoring,,,,,,
Nyx-1.7.9-19-10-10,Monitoring,,,,,,
oas_bin_122,Communications,Games/Entertainment,SoftwareDevelopment,Networking,,,
odsclientcompl-2003-07-07-BJT,Monitoring,,,,,,
org.opengoss.core_1.0.0,Networking,,,,,,
osdraw-1.0,Networking,Internet,Graphics,,,,
parlinkie-msgsvr-source-1.0.8,XML,Communications,Networking,Internet,,,
phonebill-src_0.5,Logging,Monitoring,Other/NonlistedTopic,,,,
PiSpaces-0.1-src,Clustering,Networking,,,,,
ProposedNavi,SoftwareDevelopment,Networking,Internet,,,,
proteus-0.4.1,Communications,Office/Business,Database,FileTransferProtocol(FTP),SoftwareDevelopment,Networking,
proxyma-0.3,Networking,WWW/HTTP,,,,,
RealPeer_Framework_v1.0_Sources,FileSharing,Frameworks,Networking,DistributedComputing,Internet,,
redwood,Indexing/Search,Monitoring,,,,,
REST-art-20070918,Networking,ObjectBrokering,WWW/HTTP,,,,
RoofTopNMS_0.88.bin,Networking,ObjectBrokering,WWW/HTTP,,,,
rtspproxy-3.0-ALPHA2-src,DistributedComputing,Simulations,Wireless,,,,
saw_0.995,Financial,WWW/HTTP,SoftwareDevelopment,Networking,,,
Scanmap3D-4.1.2,Security,Monitoring,Visualization,,,,
SeMA-090304,Networking,,,,,,
shox1-0,DistributedComputing,Simulations,Wireless,,,,
sies-src-0.1-alpha,Networking,ArtificialIntelligence,,,,,
SimpleNet-0.5-beta,Internet,Libraries,Networking,,,,
sin_0.0.2,Chat,Networking,,,,,
sisiya-0.6.30,Monitoring,SystemsAdministration,,,,,
slam-1.0,Monitoring,,,,,,
sniffit-client-beta-1-source,Networking,Testing,,,,,
snmp6_1,SystemsAdministration,Monitoring,,,,,
snmpAdaptor4j-1.1,Libraries,Monitoring,,,,,
snmpBrowser_0_9_b,Monitoring,,,,,,
snmptrapnotify-3.0-src,DistributedComputing,Monitoring,SystemsAdministration,,,,
sonate-beta2.src,Security,Firewalls,,,,,
source,ObjectBrokering,,,,,,
ArcAngel_0.5,Backup,,,,,,
archimede,Archiving,Education,WWW/HTTP,,,,
aviDB-0.1.2,Archiving,,,,,,
backup_1.0a,Backup,,,,,,
bork-1.4,Cryptography,Archiving,,,,,
bs4j-alpha-0.9.0,BuildTools,CVS,Packaging,SoftwareDistribution,,,
CADI-3.1,Algorithms,Communications,Compression,DataFormats,Internet,Viewers,
commons-vfs-ui-src,FileManagement,,,,,,
coreman-1.2-src,Archiving,DataWarehousing,,,,,
cwebdav,WWW/HTTP,FileManagement,Filesystems,,,,
dataisland,Archiving,DistributedComputing,DynamicContent,Front-Ends,ObjectBrokering,SiteManagement,
docportal_RELEASE_2014.06,Archiving,DistributedComputing,DynamicContent,Front-Ends,ObjectBrokering,SiteManagement,
dsl,FileSharing,FileTransferProtocol(FTP),Backup,DistributedComputing,,,
earutils-0.3,BuildTools,Compression,,,,,
finch-dts-src-0.1-alpha,BuildTools,CodeGenerators,DatabaseEngines/Servers,Installation/Setup,Packaging,,
foldersync_source_v0.1,Backup,FileManagement,,,,,
fuglue1_0_src,FileSharing,SiteManagement,HTTPServers,VersionControl,Archiving,,
geonetwork,FileSharing,DynamicContent,Archiving,GIS,,,
GPL_QTS-4.4.0-20190806,System,Storage,Linux,,,,
Guber,Archiving,,,,,,
HotSyncMIDlet,Communications,Other/NonlistedTopic,Front-Ends,Archiving,DistributedComputing,,
Isobel_src_0.8.1,Archiving,Indexing/Search,InformationAnalysis,Search,,,
jarsync-0.3,Compression,Internet,,,,,
JarUnit-1.0_ju,Archiving,BuildTools,,,,,
jazzlib-0.07,Compression,,,,,,
jcablib-0.1,Compression,Packaging,,,,,
jdbscript-0.1.src,Front-Ends,Backup,,,,,
jdirdiff-0.67-src,Archiving,SoftwareDevelopment,,,,,
JDiskCat_1.3.4,FileManagement,Archiving,Cataloguing,,,,
jecars_v1.0,DynamicContent,Front-Ends,InformationAnalysis,Interpreters,Packaging,SystemShells,
jfilenotify-0.2-src,FileManagement,,,,,,
jiz-0.1,Compression,,,,,,
JMTF_src,Backup,,,,,,
jrar-0.40-source-icons,Compression,,,,,,
judoscript-0.9,DynamicContent,Front-Ends,InformationAnalysis,Interpreters,Packaging,SystemShells,
JXplorateur-1b,FileManagement,,,,,,
jzip.org0.2.0.src,Compression,,,,,,
ldv_openaccess_src_v0.6,FileSharing,FileManagement,Multimedia,,,,
ljloader-source-1.0,Backup,History,Indexing/Search,,,,
LWC-source-1.1,Office/Business,Security,Storage,,,,
marxexplorer-0.1.2_full,TextEditors,DynamicContent,SiteManagement,UserInterfaces,Design,FileManagement,
openlsd-V1.0.4,Archiving,Cryptography,CRM,Enterprise,FileSharing,Frameworks,
PigZip-alpha1.01,Compression,,,,,,
RenameWand22,FileManagement,,,,,,
saltyFiles-r0-2,Cryptography,Compression,,,,,
sfilehandler-0.9.9,Cryptography,FileManagement,,,,,
snapshot-06-13-2001,Debuggers,QualityAssurance,Profiling,,,,
ZipSnap02,Backup,Compression,,,,,
AgentMBean-1.4,Monitoring,SystemsAdministration,,,,,
aivis-0.1a-pre-alpha,ArtificialIntelligence,Filters,InformationAnalysis,Security,SystemsAdministration,,
ajaxvnc-r01.00,Terminals,SystemsAdministration,ScreenCapture,,,,
apwgen-1.0.0-sources,Security,Authentication/Directory,,,,,
araas-1.1.1,Authentication/Directory,SiteManagement,,,,,
as400NagiosPlugin-018,SystemsAdministration,,,,,,
ATFrogs-1.0,SystemsAdministration,,,,,,
atomicdate-1.1,Monitoring,SoftwareDevelopment,SystemsAdministration,,,,
batchlogin_rl2.0.1,SystemShells,SystemsAdministration,,,,,
bigbrother_src,SiteManagement,SoftwareDevelopment,SystemsAdministration,Logging,Benchmark,,
bluejade-1.1,SoftwareDevelopment,SystemsAdministration,,,,,
BOFHms-0_5,Authentication/Directory,Front-Ends,,,,,
bugkilla-eclipse-client-0-1-2,Debuggers,DistributedComputing,LinkChecking,SystemsAdministration,,,
compiere-nma-collector-0.3,Logging,Monitoring,SystemsAdministration,,,,
DbtuTools-0.99.020.win32-src,DatabaseEngines/Servers,Front-Ends,SystemsAdministration,,,,
dicom4j-0.0.9a,Frameworks,MedicalScienceApps.,SystemsAdministration,,,,
ewsdconsole-src,SystemsAdministration,Telephony,Terminals,,,,
FAST-Framework_0.1.4_src,SystemsAdministration,DistributedComputing,,,,,
fehltnix_src_1.0,SoftwareDevelopment,SystemsAdministration,,,,,
furies-andlibs-0.6,HTTPServers,SiteManagement,SoftwareDevelopment,SystemsAdministration,,,
gilot-0.2.1,LogAnalysis,Logging,SystemsAdministration,,,,
groab-src-0.2,Browsers,SystemsAdministration,,,,,
hardtokenmgmt_1.4.15,Authentication/Directory,Cryptography,Frameworks,Other/NonlistedTopic,,,
heracles-http-client-src-1.0,Authentication/Directory,Frameworks,,,,,
idmunit-2.1.6,Enterprise,Testing,Frameworks,QualityAssurance,Usability,Authentication/Directory,
ihs-1,DynamicContent,SystemsAdministration,VersionControl,,,,
ioniastudent-src-0.5.0,Education,LDAP,VersionControl,,,,
jamm-0.9.7-rc1,LDAP,MailTransportAgents,Post-Office,,,,
javaintegrity-src,Database,Security,SoftwareDevelopment,SystemsAdministration,Installation/Setup,Filesystems,
javakerberos-v1,Authentication/Directory,,,,,,
javaPwordGen-all-5.00.00,Security,SystemsAdministration,,,,,
jconfig-bin-v2.9,SoftwareDevelopment,SystemsAdministration,Internet,,,,
JCR_Controller_v0.72,SoftwareDevelopment,SystemsAdministration,,,,,
jdirectory0.9a1,SoftwareDevelopment,LDAP,Internet,,,,
jdu-0.5b,SystemsAdministration,,,,,,
jellyfish-0.3-src,LDAP,,,,,,
jeraser,Security,SystemsAdministration,Filesystems,,,,
jguard-2.0.0.beta-7-all,Authentication/Directory,Security,,,,,
jmx4ant-1.2b,BuildTools,SystemsAdministration,,,,,
jsmbconf-1.4.1,Networking,SystemsAdministration,,,,,
jttt_2.0,Internet,Networking,SoftwareDevelopment,SystemsAdministration,,,
kasai-2.0.0-src,Authentication/Directory,Security,SoftwareDevelopment,,,,
Kifupdown_src-0.0.1,KDesktopEnvironment(KDE),Networking,SystemsAdministration,,,,
ldap2ldap,LDAP,,,,,,
linuxlord-0.1.1,Internet,Networking,SystemsAdministration,,,,
LoFiMo-1.0.15,LogAnalysis,Logging,Monitoring,SystemsAdministration,,,
maverick-synergy-3.0.0-SNAPSHOT,Terminals,Security,SoftwareDevelopment,SystemsAdministration,Networking,Internet,
metapib-1.6-src,Networking,SystemsAdministration,,,,,
mobimon-0.9,SystemsAdministration,,,,,,
ModDetector_src,SystemsAdministration,,,,,,
monitoring-0.3.0,Monitoring,SystemsAdministration,,,,,
mx4j-3.0.2,DistributedComputing,SoftwareDevelopment,SystemsAdministration,,,,
mysql,Other/NonlistedTopic,Indexing/Search,SystemsAdministration,,,,
net-ssh-0.01,SystemsAdministration,,,,,,
nrpreferences-1.0,SystemsAdministration,,,,,,
ocm-webmin-plus-1.307,SystemsAdministration,,,,,,
OdyssiCS-0.1,Authentication/Directory,Cryptography,,,,,
ojbc-1.1.5,DynamicContent,Front-Ends,ObjectBrokering,SystemsAdministration,,,
open-VA-1.1.2,Authentication/Directory,,,,,,
openjmx-1.0b2,DistributedComputing,SoftwareDevelopment,SystemsAdministration,,,,
pam_mobile_token-0.6.2-src+static_bin,Security,Authentication/Directory,,,,,
pigskin-src-101a,SystemsAdministration,VersionControl,,,,,
pjl_18-04-19_bin,DesktopEnvironment,System,SystemsAdministration,,,,
polls,DynamicContent,SiteManagement,SoftwareDevelopment,SystemsAdministration,Presentation,Testing,
polyethylene2,SystemsAdministration,WWW/HTTP,,,,,
PropertiesAdapter_1.0_alpha,Database,DistributedComputing,LDAP,ObjectBrokering,OfficeSuites,Point-Of-Sale,
provisioner-1.0.18-windows-pre,DistributedComputing,LDAP,Security,,,,
quezen-win-0.2,DistributedComputing,SystemsAdministration,,,,,
RemoteWAP-0.4,InternetPhone,Security,SystemsAdministration,WAP,WWW/HTTP,,
RoofTopNMS_0.88.bin,SystemShells,SystemsAdministration,Testing,,,,
sb-dba-ora-1.1.3,SystemsAdministration,,,,,,
ScriptScheduler,SystemShells,SystemsAdministration,Testing,,,,
searchy-2.1.3,DistributedComputing,Indexing/Search,SiteManagement,SystemsAdministration,,,
secureADMIN,SystemsAdministration,,,,,,
sicari-platform-v1.0,DistributedComputing,Frameworks,HTTPServers,SOAP,Security,SystemsAdministration,
sisiya-0.6.30,Monitoring,SystemsAdministration,,,,,
SJC,SystemsAdministration,,,,,,
snmp6_1,SystemsAdministration,Monitoring,,,,,
snmptrapnotify-3.0-src,DistributedComputing,Monitoring,SystemsAdministration,,,,
source,ObjectBrokering,,,,,,
aochat252,Chat,Games/Entertainment,,,,,
avis-client-1.1.1,Chat,Networking,SoftwareDevelopment,,,,
BattleShip_v20_Source,Chat,BoardGames,RealTimeStrategy,,,,
beta-4,Chat,,,,,,
Beta-v0.9-java-ROOT,Chat,Conferencing,Email,Telephony,,,
bot107,Chat,Conferencing,Cryptography,,,,
botsentinel_1.2,InternetRelayChat,,,,,,
c6protocol,Chat,,,,,,
casanova-0.1.src,Chat,DesktopEnvironment,Internet,,,,
cbg.hopy_1.0.0,AOLInstantMessenger,,,,,,
chat,TextEditors,Mathematics,Physics,,,,
Client,Networking,WWW/HTTP,,,,,
core,CORBA,DistributedComputing,,,,,
dcon_wip_source-01,Chat,Conferencing,DistributedComputing,InternetPhone,,,
DCServer,Chat,FileSharing,Internet,,,,
GoT_v1_CD,Chat,Conferencing,,,,,
hamsam-0.2.3,Chat,Conferencing,,,,,
IsoMIDlet.23.03.2006,Chat,Streaming,Networking,,,,
james,Networking,,,,,,
JavaCom_0.5a,Chat,Conferencing,FileSharing,Networking,,,
jim-Source-070923,Chat,Conferencing,FileSharing,,,,
jlcp-0.5.1-src,Chat,FileSharing,BBS,SoftwareDevelopment,Education,,
jmc2.2_beta_version,MSNMessenger,Telephony,Jabber,,,,
JMovieBot-1.0rc4,Database,FileSharing,InternetRelayChat,WWW/HTTP,,,
junit,Chat,FileSharing,Security,,,,
jwebcam-20071018,Chat,Conferencing,DigitalCamera,DynamicContent,,,
kncforum-1.1,BBS,Chat,MessageBoards,,,,
mDCv3.00src,Chat,FileSharing,,,,,
MetaRepos_Versata_5.5.3_WAS_5.0,MSNMessenger,Email,Testing,Documentation,,,
mflowsrc-0.1,AOLInstantMessenger,EmailClients(MUA),Fax,Filters,ICQ,InternetRelayChat,
muse-0.81,Chat,Conferencing,,,,,
promptcourier-092a-src,Chat,Conferencing,Office/Business,,,,
RC4,InternetRelayChat,Conferencing,Education,,,,
Rosco-v0.1-pre-alpha,Chat,Conferencing,,,,,
sangamplugin,Chat,Conferencing,Firewalls,,,,
source,ObjectBrokering,,,,,,
2008-05-06_kangaroo,EmailClients(MUA),POP3,,,,,
ADPasswordNotificator1.0,Email,Passwordmanager,ReportGenerators,,,,
aivis-0.1a-pre-alpha,ArtificialIntelligence,Filters,InformationAnalysis,Security,SystemsAdministration,,
Beta-v0.9-java-ROOT,Chat,Conferencing,Email,Telephony,,,
beta1_1,EmailClients(MUA),POP3,,,,,
CorporatePostOffice-0.5,EmailClients(MUA),Filters,MailingListServers,,,,
CWebmail_1.0.1,Email,WWW/HTTP,,,,,
dailypage1.0.1-src,Email,,,,,,
easywebmail-full-0.1,POP3,EmailClients(MUA),,,,,
EdenCRM-0.5,Email,Office/Business,,,,,
epgret001,Email,WWW/HTTP,,,,,
flap-0.3-src,EmailClients(MUA),,,,,,
foedus-0.1.2,IMAP,MailTransportAgents,POP3,,,,
fusiongw,Database,Email,FileSharing,Internet,Office/Business,SoftwareDevelopment,
Gatman-0.1.6-dev,IMAP,Networking,Scheduling,SystemsAdministration,,,
global1.1.1,IMAP,EmailClients(MUA),WWW/HTTP,,,,
Graph_Editor_0.3.2,Email,,,,,,
httpmail-0.3,Email,,,,,,
icarusWebMail-1.1,EmailClients(MUA),Post-Office,,,,,
imapweb_0_9_0,IMAP,EmailClients(MUA),WWW/HTTP,,,,
jadeEmail-3.6.05,Email,,,,,,
jamm-0.9.7-rc1,LDAP,MailTransportAgents,Post-Office,,,,
jasml_0.10,Email,,,,,,
javali-1.0.0-1,Email,,,,,,
JDAVMail.0.9.006,Email,,,,,,
jem-0.1,Filters,MailTransportAgents,MailingListServers,,,,
JEmailFetch-0.1,Email,,,,,,
JFetch-1.1a-src,Filters,IMAP,POP3,,,,
jldapab-0.6.0-beta,Email,Office/Business,,,,,
JMail,EmailClients(MUA),,,,,,
jmailto-with-image-support,Email,SiteManagement,,,,,
jman-0.10pre3,EmailClients(MUA),UsenetNews,,,,,
jpgpmime_0.1,Email,Security,,,,,
jumfi-0.2,Filters,MailTransportAgents,,,,,
jxmail_src,MailTransportAgents,,,,,,
Mail2m.1.5.2,EmailClients(MUA),,,,,,
MailboxPkgJavaSrc,POP3,,,,,,
mailcity-1.2win,Email,,,,,,
mailra-1.0.0-alpha-2,MailTransportAgents,,,,,,
MailRemover_v04d_src,Email,,,,,,
mailrunner,Email,,,,,,
melange-dover,EmailClients(MUA),,,,,,
MetaRepos_Versata_5.5.3_WAS_5.0,MSNMessenger,Email,Testing,Documentation,,,
mflowsrc-0.1,AOLInstantMessenger,EmailClients(MUA),Fax,Filters,ICQ,InternetRelayChat,
mmc0.5_beta_release,EmailClients(MUA),Telephony,,,,,
msgparser-1.15,Email,,,,,,
mypassman-1.00-src,DesktopEnvironment,Email,WWW/HTTP,,,,
naiban-0.1.0-src,Filters,ArtificialIntelligence,Education,,,,
neodesk-0.1dev-src,Email,Office/Business,,,,,
net.modularity.wicket-1.0-src,Chat,Email,Office/Business,UsenetNews,WWW/HTTP,,
oess,Email,Cryptography,,,,,
om-gui-2.1.2,EmailClients(MUA),,,,,,
onewaymail-0.91b,Filters,MailTransportAgents,,,,,
org.zclipse.insectivore_1.1.1_3.1,BBS,EmailClients(MUA),IntegratedDevelopmentEnvironments(IDE),SoftwareDevelopment,,,
OutOfOffice1.5.2,Email,,,,,,
phoobot-src-20041007,InternetRelayChat,Email,,,,,
pimsort-0.1,Email,Calendar,,,,,
pooka_crypto_080505,EmailClients(MUA),,,,,,
pop3hot-src-0.2,POP3,,,,,,
pop3v1.04,Filters,Indexing/Search,,,,,
popbiff,Email,,,,,,
pugwash-0.1,Filters,,,,,,
sas_0.9_b,Filters,Indexing/Search,,,,,
security,Authentication/Directory,Security,SoftwareDevelopment,WWW/HTTP,,,
SensibleEmail-1.2.1-Src,EmailClients(MUA),,,,,,
setup,Mathematics,UserInterfaces,Visualization,,,,
smartMailer_001,Telnet,Email,OfficeSuites,FileTransferProtocol(FTP),,,
usmt-0.4.1,Email,Cryptography,,,,,
veep_0_3_1,EmailClients(MUA),,,,,,
webmail-source-2.6.4,EmailClients(MUA),,,,,,
xtoken-a8,Email,,,,,,
yahoomail-2.0,Email,,,,,,
youmail-2.0.7,EmailClients(MUA),,,,,,
ZimbraConnector_0.6.02,Email,,,,,,
Amazon-Prototype1,WordProcessors,FileSharing,OfficeSuites,,,,
b2bpoclient-1.2,FileSharing,Office/Business,,,,,
bayimg.1-2,FileSharing,Games/Entertainment,Browsers,Indexing/Search,Graphics,,
BtManager_0-9-9a_develop,FileSharing,,,,,,
buzzard-0.0.1,FileSharing,Front-Ends,Scheduling,,,,
celerftp0.0.1alpha,FileSharing,FileTransferProtocol(FTP),,,,,
ComradeA1src,FileSharing,,,,,,
cp2pc-0.2.1,FileSharing,Internet,,,,,
CQuerl1.0,FileSharing,Internet,,,,,
cuftpd-1.3,FileSharing,FileTransferProtocol(FTP),,,,,
currentbuilds,FileSharing,SoftwareDevelopment,Clustering,DistributedComputing,Internet,,
davmgr-0.3b6,FileSharing,SiteManagement,,,,,
DCServer,Chat,FileSharing,Internet,,,,
diego-1.0,FileSharing,HTTPServers,Sound/Audio,,,,
DriverDownloadv1_0,FileSharing,,,,,,
dsp-0.9-alpha-1,FileSharing,SiteManagement,HTTPServers,VersionControl,Archiving,SoftwareDevelopment,
firewhale_src,FileSharing,,,,,,
FraZaa-0.3.7d,FileSharing,,,,,,
frost_2011-03-05,Chat,FileSharing,,,,,
fuglue1_0_src,FileSharing,SiteManagement,HTTPServers,VersionControl,Archiving,,
fusiongw,Database,Email,FileSharing,Internet,Office/Business,SoftwareDevelopment,
geonetwork,FileSharing,DynamicContent,Archiving,GIS,,,
gfs-0.1,FileSharing,WWW/HTTP,,,,,
giFT-java.0.1.1,FileSharing,,,,,,
gnutface-alpha1,Gnutella,,,,,,
gomyplace.4B.com,FileSharing,Frameworks,,,,,
hafkenserver_v2.6,FileSharing,FileTransferProtocol(FTP),HTTPServers,,,,
ImageTrackerGUIsource,FileSharing,,,,,,
infranet-all-0.1.4-src,Cryptography,DistributedComputing,FileSharing,Networking,WWW/HTTP,,
ircServe-0.1-source,FileSharing,InternetRelayChat,,,,,
ivatagroupware-src-1.0-alpha1,Chat,ComputerAidedInstruction(CAI),DynamicContent,FileSharing,,,
j-hop-0.0.5,Gnutella,,,,,,
jag-0.1a,FileSharing,,,,,,
java-msnrsv-0.5,FileSharing,Indexing/Search,InternetRelayChat,Security,,,
java-PhpUnSerialize0.9beta1,FileSharing,SoftwareDevelopment,,,,,
JavaCom_0.5a,Chat,Conferencing,FileSharing,Networking,,,
jbittorrentapi-v1.1,BitTorrent,,,,,,
jdcserve.src,FileSharing,,,,,,
Jencode,CDRipping,FileSharing,,,,,
jftpd-daemon-0.2b,FileSharing,,,,,,
jim-Source-070923,Chat,Conferencing,FileSharing,,,,
jlcp-0.5.1-src,Chat,FileSharing,BBS,SoftwareDevelopment,Education,,
JMovieBot-1.0rc4,Database,FileSharing,InternetRelayChat,WWW/HTTP,,,
jmule-0.5.8-src,FileSharing,,,,,,
jsd-source-0.7.0,FileSharing,Internet,,,,,
jSummit_1.0b_src,Chat,Conferencing,FileSharing,Streaming,,,
jtorrent,FileSharing,,,,,,
junit,Chat,FileSharing,Security,,,,
jupiter-ftp_devel_0.1,FileSharing,FileTransferProtocol(FTP),,,,,
ldv_openaccess_src_v0.6,FileSharing,FileManagement,Multimedia,,,,
linuxwifi-v.4,FileSharing,,,,,,
md3-0.1,FileSharing,Other/NonlistedTopic,,,,,
mDCv3.00src,Chat,FileSharing,,,,,
megaupload-J-0.40,FileSharing,SiteManagement,,,,,
mepetry_ver_0.3,DynamicContent,FileSharing,Sound/Audio,,,,
NanoNapster-0.1,FileSharing,,,,,,
net.comjat.api.remotor.release.1.0.0,DistributedComputing,FileSharing,Networking,ObjectBrokering,,,
ng_simulator_00_01_00,ArtificialIntelligence,FileSharing,Indexing/Search,,,,
OCSsrc,BuildTools,FileSharing,VersionControl,,,,
openlsd-V1.0.4,Archiving,Cryptography,CRM,Enterprise,FileSharing,Frameworks,
P2PChat,Chat,Conferencing,FileSharing,,,,
Parrot,FileSharing,,,,,,
pasamuf-0.9-beta-src,FileSharing,Indexing/Search,Office/Business,,,,
pjltella-src,Gnutella,,,,,,
QuickMemoryFile-v1.0-beta2-bug20070618,FileSharing,Frameworks,,,,,
RC1,FileTransferProtocol(FTP),WWW/HTTP,Libraries,,,,
RealPeer_Framework_v1.0_Sources,FileSharing,Frameworks,Networking,DistributedComputing,Internet,,
red-piranha-4-alpha-snapshot-src,DistributedComputing,FileSharing,Indexing/Search,Office/Business,Scientific/Engineering,,
remotestart-1.1,FileSharing,SiteManagement,,,,,
scam-nimble-3.1_tomcat-5.0.28,CGITools/Libraries,DatabaseEngines/Servers,Education,FileSharing,Front-Ends,Indexing/Search,
syncshare-3.1-src,Chat,Conferencing,Cryptography,FileSharing,Networking,,
tcbnet-0.1,FileSharing,,,,,,
Te2.1,Editors,Napster,,,,,
TLServer_0.1a,FileSharing,,,,,,
TorrentClient,BitTorrent,,,,,,
treehouse-1.0build4,Gnutella,DistributedComputing,,,,,
TreeMap,FileSharing,Scheduling,VersionControl,,,,
trust-eze-source-0.0.1,BitTorrent,DynamicContent,Security,,,,
twice-2.0.0,DynamicContent,FileSharing,SoftwareDevelopment,,,,
webman-4.1.1,FileSharing,WWW/HTTP,,,,,
Xenia,Chat,FileSharing,,,,,
yajal-0.01,Clustering,DistributedComputing,FileSharing,SoftwareDevelopment,,,
b2b_phone_1.0_bin-src-beta,VoIP,,,,,,
BanglaSMS_2_0_0_src,Telephony,Mobile,,,,,
Beta-v0.9-java-ROOT,Chat,Conferencing,Email,Telephony,,,
bot_example,BuildTools,DistributedComputing,InterfaceEngine/ProtocolTranslator,Telephony,,,
CodiceFiscale_v1.3.src,Telephony,,,,,,
comtorJ2ME-2004-Sep-11,Telephony,WAP,,,,,
de-xeinfach-util-src-1.5-12,Database,Internet,Security,SoftwareDevelopment,Telephony,,
EasyIVReporter,Telephony,,,,,,
eolos-voipaudit-1.0RC1-src,Communications,VoIP,Anti-Malware,,,,
ewsdconsole-src,SystemsAdministration,Telephony,Terminals,,,,
gaem0.2src,ObjectOriented,Role-Playing,Telephony,,,,
HotSAX-0.1.2c,Interpreters,Telephony,WWW/HTTP,,,,
isisdial-3818,Telephony,,,,,,
j2mefs,Filesystems,Games/Entertainment,SoftwareDevelopment,Telephony,,,
JAGIServer.0.0.1,InternetPhone,Telephony,,,,,
jami-src,Telephony,Frameworks,,,,,
jmc2.2_beta_version,MSNMessenger,Telephony,Jabber,,,,
jMmsLib-0.8.1,DataFormats,Telephony,WAP,,,,
jsnpp-0.3.1,Telephony,,,,,,
jWURFL_1_0-src,Telephony,Browsers,,,,,
mgdk-0.2,Games/Entertainment,SoftwareDevelopment,Telephony,,,,
MiPitanza.sources.r1,Telephony,Other/NonlistedTopic,,,,,
mmc0.5_beta_release,EmailClients(MUA),Telephony,,,,,
MumboJumbo-0.1,Players,Telephony,,,,,
pirp-20050116,Telephony,WAP,,,,,
push2web-alpha-0.5,Conferencing,Telephony,,,,,
S1005_command_launcher-bin1.0,Telephony,Email,WAP,WWW/HTTP,,,
SafeSMS,Telephony,,,,,,
SafiServer-1.3.0.Beta,Telephony,,,,,,
sipchat-0.3,Conferencing,Telephony,,,,,
smppapi-0.3.9,Telephony,,,,,,
sources1.9,Telephony,,,,,,
timeofday_step6,Interpreters,Speech,Telephony,WWW/HTTP,,,
toejam-3.0.3-src,Capture/Recording,HumanMachineInterfaces,Office/Business,Telephony,,,
vox-mail-src-2.0,InternetPhone,Telephony,,,,,
WISUPDecode_3-1-0,Telephony,,,,,,
xopenh323_sp,InternetPhone,Telephony,,,,,
JDiskCat_1.3.4,FileManagement,Archiving,Cataloguing,,,,
Pamplemousse_source,Cataloguing,,,,,,
20191103.ChessPDFBrowser.v1.11,BoardGames,,,,,,
BattleShip_v20_Source,Chat,BoardGames,RealTimeStrategy,,,,
bbalc-0.1,ArtificialIntelligence,BoardGames,TurnBasedStrategy,,,,
billy,BoardGames,,,,,,
Book,TextProcessing,Other/NonlistedTopic,Browsers,,,,
chatsystem_20020627_alpha_0.1.2,BoardGames,TurnBasedStrategy,Simulation,,,,
Chess,ArtificialIntelligence,BoardGames,InternetRelayChat,,,,
chessweb-1.0-src,BoardGames,DynamicContent,,,,,
CluedoCode_SRC_ALPHA_11_06_05,BoardGames,,,,,,
Colossus-Public-Build-20160121,BoardGames,Multiplayer,TurnBasedStrategy,,,,
connect4_0.1.0_src,Chat,BoardGames,,,,,
ebbeflut1.0.2,BoardGames,,,,,,
eco,SiteManagement,HTTPServers,Internet,,,,
fivegame,BoardGames,,,,,,
Fot-1.0,BoardGames,,,,,,
freeserver,BoardGames,Communications,Multi-UserDungeons(MUD),TurnBasedStrategy,,,
freya-working,BoardGames,Role-Playing,TurnBasedStrategy,,,,
http,Communications,HTTPServers,,,,,
jbattleship-0.2,BoardGames,PuzzleGames,TurnBasedStrategy,,,,
liberati_1_5,BoardGames,PuzzleGames,Simulation,,,,
maxtrixengine_prealpha_0.0,BoardGames,Multi-UserDungeons(MUD),PuzzleGames,RealTimeStrategy,Role-Playing,TurnBasedStrategy,
simmeserver-src-0.0.6,BoardGames,TurnBasedStrategy,PuzzleGames,,,,
Tangrams-0.3,BoardGames,PuzzleGames,,,,,
